REGION,TECHNOLOGY,EMISSION,MODE_OF_OPERATION,YEAR,VALUE
"REGION1","SEBFHPFH1","SEPM25",1,2024,2.4748406719344e-05
"REGION1","SEBFHPFH1","SEPM25",1,2025,1.87487929692e-05
"REGION1","SEBMCCPH1","SEPM25",1,2019,8.61055673578909e-05
"REGION1","SEBMCCPH1","SEPM25",1,2020,0.000196381055788582
"REGION1","SEBMCCPH1","SEPM25",1,2021,0.000196381055788582
"REGION1","SEBMCCPH1","SEPM25",1,2022,0.000196381055788582
"REGION1","SEBMCCPH1","SEPM25",1,2023,0.000196381055788582
"REGION1","SEBMCCPH1","SEPM25",1,2024,0.000196381055788582
"REGION1","SEBMCCPH1","SEPM25",1,2025,0.000196381055788582
"REGION1","SEBMCHPH3","SEPM25",1,2026,0.00629646760122141
"REGION1","SEBMCHPH3","SEPM25",1,2027,0.00629646760122141
"REGION1","SEBMCHPH3","SEPM25",1,2028,0.00629646760122141
"REGION1","SEBMCHPH3","SEPM25",1,2029,0.00629646760122141
"REGION1","SEBMCHPH3","SEPM25",1,2030,0.0031482338006107
"REGION1","SEBMSTPH3","SEPM25",1,2020,3.79705964480284
"REGION1","SEBMSTPH3","SEPM25",1,2021,4.45005923663446
"REGION1","SEBMSTPH3","SEPM25",1,2022,6.81747002663011
"REGION1","SEBMSTPH3","SEPM25",1,2023,7.35129638002299
"REGION1","SEBMSTPH3","SEPM25",1,2024,8.46335147209668
"REGION1","SEBMSTPH3","SEPM25",1,2025,8.46673593736121
"REGION1","SEBMSTPH3","SEPM25",1,2026,8.60284036329843
"REGION1","SEBMSTPH3","SEPM25",1,2027,8.60284036329843
"REGION1","SEBMSTPH3","SEPM25",1,2028,8.60284036329843
"REGION1","SEBMSTPH3","SEPM25",1,2029,8.60284036329843
"REGION1","SEBMSTPH3","SEPM25",1,2030,0.804657993329856
"REGION1","SEBMSTPH3","SEPM25",1,2031,0.608767890180745
"REGION1","SEBMSTPH3","SEPM25",1,2032,0.608767890180745
"REGION1","SEBMSTPH3","SEPM25",1,2033,0.608767890180745
"REGION1","SEBMSTPH3","SEPM25",1,2034,0.608767890180745
"REGION1","SEBMSTPH3","SEPM25",1,2035,4.10481041013628
"REGION1","SEBMSTPH3","SEPM25",1,2036,4.10481041013628
"REGION1","SEBMSTPH3","SEPM25",1,2037,4.10481041013627
"REGION1","SEBMSTPH3","SEPM25",1,2038,4.10481041013628
"REGION1","SEBMSTPH3","SEPM25",1,2039,4.10481041013628
"REGION1","SEBMSTPH3","SEPM25",1,2040,5.88081135288766
"REGION1","SEBMSTPH3","SEPM25",1,2041,11.6646058867966
"REGION1","SEBMSTPH3","SEPM25",1,2042,11.5666608352221
"REGION1","SEBMSTPH3","SEPM25",1,2043,12.3553090703574
"REGION1","SEBMSTPH3","SEPM25",1,2044,12.3553090703574
"REGION1","SEBMSTPH3","SEPM25",1,2045,13.1935696406535
"REGION1","SEBMSTPH3","SEPM25",1,2046,13.1935696406535
"REGION1","SEBMSTPH3","SEPM25",1,2047,13.1935696406535
"REGION1","SEBMSTPH3","SEPM25",1,2048,13.1935696406535
"REGION1","SEBMSTPH3","SEPM25",1,2049,13.1935696406535
"REGION1","SEBMSTPH3","SEPM25",1,2050,13.1935696406535
"REGION1","SEBMSTPH3","SEPM25",1,2051,13.1935696406535
"REGION1","SEBMSTPH3","SEPM25",1,2052,13.1935696406535
"REGION1","SEBMSTPH3","SEPM25",1,2053,13.1935696406535
"REGION1","SEBMSTPH3","SEPM25",1,2054,13.1935696406535
"REGION1","SEBMSTPH3","SEPM25",1,2055,13.1935696406535
"REGION1","SEBMSTPH3","SEPM25",1,2056,13.1935696406535
"REGION1","SEBMSTPH3","SEPM25",1,2057,13.1935696406536
"REGION1","SEBMSTPH3","SEPM25",1,2058,13.1935696406535
"REGION1","SEBMSTPH3","SEPM25",1,2059,13.1935696406535
"REGION1","SEBMSTPH3","SEPM25",1,2060,12.6827468020473
"REGION1","SECO00I00","CO2",1,2015,1003.0242266154
"REGION1","SECO00I00","CO2",1,2016,1092.1044952026
"REGION1","SECO00I00","CO2",1,2017,1181.1856691448
"REGION1","SECO00I00","CO2",1,2018,1270.265937732
"REGION1","SECO00I00","CO2",1,2019,1359.3471116742
"REGION1","SECO00I00","CO2",1,2020,1448.4273802614
"REGION1","SECO00I00","CO2",1,2021,1450.3255837686
"REGION1","SECO00I00","CO2",1,2022,1452.2237872758
"REGION1","SECO00I00","CO2",1,2023,1454.121990783
"REGION1","SECO00I00","CO2",1,2024,1456.0201942902
"REGION1","SECO00I00","CO2",1,2025,1309.36313275875
"REGION1","SECO00I00","CO2",1,2026,972.350017150915
"REGION1","SECO00I00","CO2",1,2027,1046.26830555312
"REGION1","SECO00I00","CO2",1,2028,1120.18749931031
"REGION1","SECO00I00","CO2",1,2029,1194.10560664152
"REGION1","SECO00I00","CO2",1,2030,1268.02407611472
"REGION1","SECO00I00","CO2",1,2031,396.650873322
"REGION1","SECO00I00","CO2",1,2032,398.5490768292
"REGION1","SECO00I00","CO2",1,2033,400.4472803364
"REGION1","SECO00I00","CO2",1,2034,402.3454838436
"REGION1","SECO00I00","CO2",1,2035,404.2436873508
"REGION1","SECO00I00","CO2",1,2036,406.141890858
"REGION1","SECO00I00","CO2",1,2037,408.0400943652
"REGION1","SECO00I00","CO2",1,2038,409.9382978724
"REGION1","SECO00I00","CO2",1,2039,411.8365013796
"REGION1","SECO00I00","CO2",1,2040,413.7347048868
"REGION1","SECO00I00","CO2",1,2041,415.632908394
"REGION1","SECO00I00","CO2",1,2042,417.5311119012
"REGION1","SECO00I00","CO2",1,2043,419.4293154084
"REGION1","SECO00I00","CO2",1,2044,421.3275189156
"REGION1","SECO00I00","CO2",1,2045,423.2257224228
"REGION1","SECO00I00","CO2",1,2046,425.12392593
"REGION1","SECO00I00","CO2",1,2047,427.0221294372
"REGION1","SECO00I00","CO2",1,2048,428.9203329444
"REGION1","SECO00I00","CO2",1,2049,430.8185364516
"REGION1","SECO00I00","CO2",1,2050,432.7167399588
"REGION1","SECO00I00","CO2",1,2051,434.614943466
"REGION1","SECO00I00","CO2",1,2052,436.5131469732
"REGION1","SECO00I00","CO2",1,2053,438.4113504804
"REGION1","SECO00I00","CO2",1,2054,440.3095539876
"REGION1","SECO00I00","CO2",1,2055,442.2077574948
"REGION1","SECO00I00","CO2",1,2056,440.3095539876
"REGION1","SECO00I00","CO2",1,2057,438.4113504804
"REGION1","SECO00I00","CO2",1,2058,436.5131469732
"REGION1","SECO00I00","CO2",1,2059,434.614943466
"REGION1","SECO00I00","CO2",1,2060,436.984645170111
"REGION1","SECO00X00","CO2",1,2015,796.01346594
"REGION1","SECO00X00","CO2",1,2016,708.83140086
"REGION1","SECO00X00","CO2",1,2017,621.648430425
"REGION1","SECO00X00","CO2",1,2018,534.466365345
"REGION1","SECO00X00","CO2",1,2019,447.28339491
"REGION1","SECO00X00","CO2",1,2020,360.10132983
"REGION1","SECO00X00","CO2",1,2021,360.10132983
"REGION1","SECO00X00","CO2",1,2022,360.10132983
"REGION1","SECO00X00","CO2",1,2023,360.10132983
"REGION1","SECO00X00","CO2",1,2024,360.10132983
"REGION1","SECO00X00","CO2",1,2025,360.10132983
"REGION1","SECO00X00","CO2",1,2026,288.081244935
"REGION1","SECO00X00","CO2",1,2027,216.06116004
"REGION1","SECO00X00","CO2",1,2028,144.04016979
"REGION1","SECO00X00","CO2",1,2029,72.020265966
"REGION1","SEHF00I00","CO2",1,2015,1000.9098647964
"REGION1","SEHF00I00","CO2",1,2016,1027.7297601012
"REGION1","SEHF00I00","CO2",1,2017,1055.2673922336
"REGION1","SEHF00I00","CO2",1,2018,1083.5429436
"REGION1","SEHF00I00","CO2",1,2019,1120.88039544
"REGION1","SEHF00I00","CO2",1,2020,1142.32420224
"REGION1","SEHF00I00","CO2",1,2021,1154.8902730248
"REGION1","SEHF00I00","CO2",1,2022,1167.5938364532
"REGION1","SEHF00I00","CO2",1,2023,1180.437415326
"REGION1","SEHF00I00","CO2",1,2024,1193.4222710436
"REGION1","SEHF00I00","CO2",1,2025,1206.5496650064
"REGION1","SEHF00I00","CO2",1,2026,1219.8221200152
"REGION1","SEHF00I00","CO2",1,2027,1233.23963607
"REGION1","SEHF00I00","CO2",1,2028,1246.8047359716
"REGION1","SEHF00I00","CO2",1,2029,1260.5199425208
"REGION1","SEHF00I00","CO2",1,2030,1274.380210116
"REGION1","SEHF00I00","CO2",1,2031,1288.406982564
"REGION1","SEHF00I00","CO2",1,2032,1302.572509056
"REGION1","SEHF00I00","CO2",1,2033,1316.9020176
"REGION1","SEHF00I00","CO2",1,2034,1331.395508196
"REGION1","SEHF00I00","CO2",1,2035,1346.04036684
"REGION1","SEHF00I00","CO2",1,2036,1360.849207536
"REGION1","SEHF00I00","CO2",1,2037,1375.80941628
"REGION1","SEHF00I00","CO2",1,2038,1390.94622108
"REGION1","SEHF00I00","CO2",1,2039,1406.247007932
"REGION1","SEHF00I00","CO2",1,2040,1421.711776836
"REGION1","SEHF00I00","CO2",1,2041,1437.353141796
"REGION1","SEHF00I00","CO2",1,2042,1453.158488808
"REGION1","SEHF00I00","CO2",1,2043,1469.15304588
"REGION1","SEHF00I00","CO2",1,2044,1485.311585004
"REGION1","SEHF00I00","CO2",1,2045,1501.646720184
"REGION1","SEHF00I00","CO2",1,2046,1518.171065424
"REGION1","SEHF00I00","CO2",1,2047,1534.87200672
"REGION1","SEHF00I00","CO2",1,2048,1551.749544072
"REGION1","SEHF00I00","CO2",1,2049,1568.816291484
"REGION1","SEHF00I00","CO2",1,2050,1586.072248956
"REGION1","SEHF00I00","CO2",1,2051,1603.517416488
"REGION1","SEHF00I00","CO2",1,2052,1621.164408084
"REGION1","SEHF00I00","CO2",1,2053,1639.00060974
"REGION1","SEHF00I00","CO2",1,2054,1657.026021456
"REGION1","SEHF00I00","CO2",1,2055,1675.253257236
"REGION1","SEHF00I00","CO2",1,2056,1693.68231708
"REGION1","SEHF00I00","CO2",1,2057,1712.313200988
"REGION1","SEHF00I00","CO2",1,2058,1731.14590896
"REGION1","SEHF00I00","CO2",1,2059,1750.193055
"REGION1","SEHF00I00","CO2",1,2060,1769.442025104
"REGION1","SEHYDMPH1","SEHO",1,2015,19.2379220267001
"REGION1","SEHYDMPH1","SEHO",1,2016,16.9589782232747
"REGION1","SEHYDMPH1","SEHO",1,2017,14.4444674488188
"REGION1","SEHYDMPH1","SEHO",1,2018,13.6709540131189
"REGION1","SEHYDMPH1","SEHO",1,2019,13.6157851078023
"REGION1","SEHYDMPH1","SEHO",1,2020,13.2773260010206
"REGION1","SEHYDMPH1","SEHO",1,2021,13.2622928288778
"REGION1","SEHYDMPH1","SEHO",1,2022,13.1309936706719
"REGION1","SEHYDMPH1","SEHO",1,2023,12.8998231933812
"REGION1","SEHYDMPH1","SEHO",1,2024,12.7211269962118
"REGION1","SEHYDMPH1","SEHO",1,2025,12.4421623772972
"REGION1","SEHYDMPH1","SEHO",1,2026,12.4073449833249
"REGION1","SEHYDMPH1","SEHO",1,2027,12.2675081179209
"REGION1","SEHYDMPH1","SEHO",1,2028,12.2106373440598
"REGION1","SEHYDMPH1","SEHO",1,2029,11.6880218785285
"REGION1","SEHYDMPH1","SEHO",1,2030,11.4716009286233
"REGION1","SEHYDMPH1","SEHO",1,2031,11.4301887940412
"REGION1","SEHYDMPH1","SEHO",1,2032,11.2085913273132
"REGION1","SEHYDMPH1","SEHO",1,2033,10.8112759333685
"REGION1","SEHYDMPH1","SEHO",1,2034,10.6101718003635
"REGION1","SEHYDMPH1","SEHO",1,2035,10.378547491461
"REGION1","SEHYDMPH1","SEHO",1,2036,10.2231101643994
"REGION1","SEHYDMPH1","SEHO",1,2037,10.0343445783418
"REGION1","SEHYDMPH1","SEHO",1,2038,9.46918239919872
"REGION1","SEHYDMPH1","SEHO",1,2039,9.03875147982626
"REGION1","SEHYDMPH1","SEHO",1,2040,8.86828098062175
"REGION1","SEHYDMPH1","SEHO",1,2041,8.53102736405908
"REGION1","SEHYDMPH1","SEHO",1,2042,7.69895546819148
"REGION1","SEHYDMPH1","SEHO",1,2043,7.54655314003409
"REGION1","SEHYDMPH1","SEHO",1,2044,7.27021223512562
"REGION1","SEHYDMPH1","SEHO",1,2045,7.27021223512562
"REGION1","SEHYDMPH1","SEHO",1,2046,7.19433726251795
"REGION1","SEHYDMPH1","SEHO",1,2047,7.19433726251795
"REGION1","SEHYDMPH1","SEHO",1,2048,7.18299147222148
"REGION1","SEHYDMPH1","SEHO",1,2049,7.08797047848852
"REGION1","SEHYDMPH1","SEHO",1,2050,7.0706681482864
"REGION1","SEHYDMPH1","SEHO",1,2051,7.0706681482864
"REGION1","SEHYDMPH1","SEHO",1,2052,6.77170657397432
"REGION1","SEHYDMPH1","SEHO",1,2053,6.75610611231668
"REGION1","SEHYDMPH1","SEHO",1,2054,6.75610611231668
"REGION1","SEHYDMPH1","SEHO",1,2055,6.49798938307191
"REGION1","SEHYDMPH1","SEHO",1,2056,6.48891275083473
"REGION1","SEHYDMPH1","SEHO",1,2057,6.40396114598989
"REGION1","SEHYDMPH1","SEHO",1,2058,6.23059747025978
"REGION1","SEHYDMPH1","SEHO",1,2059,5.82446072435965
"REGION1","SEHYDMPH1","SEHO",1,2060,5.70489027687269
"REGION1","SEHYDMPH2","SEHO",1,2015,141.55121431783
"REGION1","SEHYDMPH2","SEHO",1,2016,140.503146939193
"REGION1","SEHYDMPH2","SEHO",1,2017,140.141499873493
"REGION1","SEHYDMPH2","SEHO",1,2018,134.2884903043
"REGION1","SEHYDMPH2","SEHO",1,2019,133.012088895947
"REGION1","SEHYDMPH2","SEHO",1,2020,132.870266517241
"REGION1","SEHYDMPH2","SEHO",1,2021,132.232065813064
"REGION1","SEHYDMPH2","SEHO",1,2022,130.799659788135
"REGION1","SEHYDMPH2","SEHO",1,2023,130.799659788135
"REGION1","SEHYDMPH2","SEHO",1,2024,127.651202980863
"REGION1","SEHYDMPH2","SEHO",1,2025,127.651202980863
"REGION1","SEHYDMPH2","SEHO",1,2026,127.261191439422
"REGION1","SEHYDMPH2","SEHO",1,2027,126.871179897981
"REGION1","SEHYDMPH2","SEHO",1,2028,126.871179897981
"REGION1","SEHYDMPH2","SEHO",1,2029,123.536935774605
"REGION1","SEHYDMPH2","SEHO",1,2030,123.094449953042
"REGION1","SEHYDMPH2","SEHO",1,2031,121.605598621387
"REGION1","SEHYDMPH2","SEHO",1,2032,118.444377800033
"REGION1","SEHYDMPH2","SEHO",1,2033,112.391398676864
"REGION1","SEHYDMPH2","SEHO",1,2034,108.90682283206
"REGION1","SEHYDMPH2","SEHO",1,2035,102.051838157309
"REGION1","SEHYDMPH2","SEHO",1,2036,98.1481771834291
"REGION1","SEHYDMPH2","SEHO",1,2037,91.1017322974256
"REGION1","SEHYDMPH2","SEHO",1,2038,86.7243845786675
"REGION1","SEHYDMPH2","SEHO",1,2039,83.9333201657351
"REGION1","SEHYDMPH2","SEHO",1,2040,81.7634377715345
"REGION1","SEHYDMPH2","SEHO",1,2041,73.8483308159574
"REGION1","SEHYDMPH2","SEHO",1,2042,70.6232899241849
"REGION1","SEHYDMPH2","SEHO",1,2043,65.9006047132779
"REGION1","SEHYDMPH2","SEHO",1,2044,58.4889672021067
"REGION1","SEHYDMPH2","SEHO",1,2045,56.5601828517063
"REGION1","SEHYDMPH2","SEHO",1,2046,54.3364079535975
"REGION1","SEHYDMPH2","SEHO",1,2047,52.7054505984795
"REGION1","SEHYDMPH2","SEHO",1,2048,47.2155063187735
"REGION1","SEHYDMPH2","SEHO",1,2049,45.1271717923289
"REGION1","SEHYDMPH2","SEHO",1,2050,42.5034577862694
"REGION1","SEHYDMPH2","SEHO",1,2051,39.567734547057
"REGION1","SEHYDMPH2","SEHO",1,2052,39.0004450322333
"REGION1","SEHYDMPH2","SEHO",1,2053,34.2635775834557
"REGION1","SEHYDMPH2","SEHO",1,2054,29.7904997590712
"REGION1","SEHYDMPH2","SEHO",1,2055,23.9970555889345
"REGION1","SEHYDMPH2","SEHO",1,2056,19.1807676080816
"REGION1","SEHYDMPH2","SEHO",1,2057,18.8120294234462
"REGION1","SEHYDMPH2","SEHO",1,2058,17.5781747287047
"REGION1","SEHYDMPH2","SEHO",1,2059,16.457777936928
"REGION1","SEHYDMPH2","SEHO",1,2060,15.4933857617278
"REGION1","SEHYDMPH3","SEHO",1,2015,70.8090772402896
"REGION1","SEHYDMPH3","SEHO",1,2016,70.8090772402896
"REGION1","SEHYDMPH3","SEHO",1,2017,70.8090772402896
"REGION1","SEHYDMPH3","SEHO",1,2018,70.8090772402896
"REGION1","SEHYDMPH3","SEHO",1,2019,70.8090772402896
"REGION1","SEHYDMPH3","SEHO",1,2020,70.8090772402897
"REGION1","SEHYDMPH3","SEHO",1,2021,70.8090772402896
"REGION1","SEHYDMPH3","SEHO",1,2022,70.8090772402896
"REGION1","SEHYDMPH3","SEHO",1,2023,70.8090772402896
"REGION1","SEHYDMPH3","SEHO",1,2024,69.1355731715598
"REGION1","SEHYDMPH3","SEHO",1,2025,69.1355731715598
"REGION1","SEHYDMPH3","SEHO",1,2026,69.1355731715598
"REGION1","SEHYDMPH3","SEHO",1,2027,69.1355731715598
"REGION1","SEHYDMPH3","SEHO",1,2028,69.1355731715598
"REGION1","SEHYDMPH3","SEHO",1,2029,69.1355731715598
"REGION1","SEHYDMPH3","SEHO",1,2030,111.302259697164
"REGION1","SEHYDMPH3","SEHO",1,2031,113.903523163401
"REGION1","SEHYDMPH3","SEHO",1,2032,118.358341451484
"REGION1","SEHYDMPH3","SEHO",1,2033,125.880635968597
"REGION1","SEHYDMPH3","SEHO",1,2034,130.638315946407
"REGION1","SEHYDMPH3","SEHO",1,2035,138.79692493006
"REGION1","SEHYDMPH3","SEHO",1,2036,143.384921702894
"REGION1","SEHYDMPH3","SEHO",1,2037,150.612132174955
"REGION1","SEHYDMPH3","SEHO",1,2038,155.546642072856
"REGION1","SEHYDMPH3","SEHO",1,2039,154.194806446106
"REGION1","SEHYDMPH3","SEHO",1,2040,161.091490298566
"REGION1","SEHYDMPH3","SEHO",1,2041,170.925850870706
"REGION1","SEHYDMPH3","SEHO",1,2042,170.925850870706
"REGION1","SEHYDMPH3","SEHO",1,2043,183.02405119741
"REGION1","SEHYDMPH3","SEHO",1,2044,181.492369507386
"REGION1","SEHYDMPH3","SEHO",1,2045,195.80581396389
"REGION1","SEHYDMPH3","SEHO",1,2046,199.696463834607
"REGION1","SEHYDMPH3","SEHO",1,2047,202.918421189725
"REGION1","SEHYDMPH3","SEHO",1,2048,210.010711259727
"REGION1","SEHYDMPH3","SEHO",1,2049,213.785066779905
"REGION1","SEHYDMPH3","SEHO",1,2050,218.017083116167
"REGION1","SEHYDMPH3","SEHO",1,2051,222.314806355379
"REGION1","SEHYDMPH3","SEHO",1,2052,224.551057444515
"REGION1","SEHYDMPH3","SEHO",1,2053,230.67952535495
"REGION1","SEHYDMPH3","SEHO",1,2054,233.978553174738
"REGION1","SEHYDMPH3","SEHO",1,2055,243.977164078716
"REGION1","SEHYDMPH3","SEHO",1,2056,254.069782379134
"REGION1","SEHYDMPH3","SEHO",1,2057,255.645472168615
"REGION1","SEHYDMPH3","SEHO",1,2058,254.898109320635
"REGION1","SEHYDMPH3","SEHO",1,2059,254.898109320635
"REGION1","SEHYDMPH3","SEHO",1,2060,263.05618669945
"REGION1","SEHYDSPH2","SEHO",1,2015,1.31643573384174
"REGION1","SEHYDSPH2","SEHO",1,2016,1.31643573384174
"REGION1","SEHYDSPH2","SEHO",1,2017,1.31643573384174
"REGION1","SEHYDSPH2","SEHO",1,2018,1.31643573384174
"REGION1","SEHYDSPH2","SEHO",1,2019,1.31643573384174
"REGION1","SEHYDSPH2","SEHO",1,2020,1.31643573384174
"REGION1","SEHYDSPH2","SEHO",1,2021,1.31643573384174
"REGION1","SEHYDSPH2","SEHO",1,2022,1.31643573384174
"REGION1","SEHYDSPH2","SEHO",1,2023,1.31643573384174
"REGION1","SEHYDSPH2","SEHO",1,2024,1.31643573384174
"REGION1","SEHYDSPH2","SEHO",1,2025,1.31643573384174
"REGION1","SEHYDSPH2","SEHO",1,2026,1.31643573384174
"REGION1","SEHYDSPH2","SEHO",1,2027,1.31643573384174
"REGION1","SEHYDSPH2","SEHO",1,2028,1.31643573384174
"REGION1","SEHYDSPH2","SEHO",1,2029,1.31643573384174
"REGION1","SEHYDSPH2","SEHO",1,2030,1.31643573384174
"REGION1","SEHYDSPH2","SEHO",1,2031,1.31643573384174
"REGION1","SEHYDSPH2","SEHO",1,2032,1.31643573384174
"REGION1","SEHYDSPH2","SEHO",1,2033,1.31643573384174
"REGION1","SEHYDSPH2","SEHO",1,2034,1.31643573384174
"REGION1","SEHYDSPH2","SEHO",1,2035,1.31643573384174
"REGION1","SEHYDSPH2","SEHO",1,2036,0.778537261949414
"REGION1","SEHYDSPH2","SEHO",1,2037,0.778537261949414
"REGION1","SEHYDSPH2","SEHO",1,2038,0.778537261949414
"REGION1","SEHYDSPH2","SEHO",1,2039,0.778537261949414
"REGION1","SEHYDSPH2","SEHO",1,2040,0.778537261949414
"REGION1","SEHYDSPH2","SEHO",1,2041,0.778537261949414
"REGION1","SEHYDSPH2","SEHO",1,2042,0.778537261949414
"REGION1","SEHYDSPH2","SEHO",1,2043,0.778537261949414
"REGION1","SEHYDSPH2","SEHO",1,2044,0.778537261949414
"REGION1","SEHYDSPH2","SEHO",1,2045,0.778537261949414
"REGION1","SEHYDSPH2","SEHO",1,2046,0.778537261949414
"REGION1","SEHYDSPH2","SEHO",1,2047,0.778537261949414
"REGION1","SEHYDSPH2","SEHO",1,2048,0.778537261949414
"REGION1","SEHYDSPH2","SEHO",1,2049,0.778537261949414
"REGION1","SEHYDSPH2","SEHO",1,2050,0.778537261949414
"REGION1","SEHYDSPH2","SEHO",1,2051,0.778537261949414
"REGION1","SEHYDSPH2","SEHO",1,2052,0.778537261949414
"REGION1","SEHYDSPH2","SEHO",1,2053,0.778537261949414
"REGION1","SEHYDSPH2","SEHO",1,2054,0.778537261949414
"REGION1","SEHYDSPH2","SEHO",1,2055,0.778537261949414
"REGION1","SEHYDSPH2","SEHO",1,2056,0.778537261949414
"REGION1","SEHYDSPH2","SEHO",1,2057,0.778537261949414
"REGION1","SEHYDSPH2","SEHO",1,2058,0.778537261949414
"REGION1","SEHYDSPH2","SEHO",1,2059,0.778537261949414
"REGION1","SEHYDSPH2","SEHO",1,2060,0.778537261949414
"REGION1","SEHYDSPH3","SEHO",1,2015,4.14925368732831
"REGION1","SEHYDSPH3","SEHO",1,2016,4.14925368732831
"REGION1","SEHYDSPH3","SEHO",1,2017,4.14925368732831
"REGION1","SEHYDSPH3","SEHO",1,2018,4.14925368732831
"REGION1","SEHYDSPH3","SEHO",1,2019,4.14925368732831
"REGION1","SEHYDSPH3","SEHO",1,2020,4.14925368732831
"REGION1","SEHYDSPH3","SEHO",1,2021,4.14925368732831
"REGION1","SEHYDSPH3","SEHO",1,2022,4.14925368732831
"REGION1","SEHYDSPH3","SEHO",1,2023,4.14925368732831
"REGION1","SEHYDSPH3","SEHO",1,2024,4.14925368732831
"REGION1","SEHYDSPH3","SEHO",1,2025,4.14925368732831
"REGION1","SEHYDSPH3","SEHO",1,2026,4.14925368732831
"REGION1","SEHYDSPH3","SEHO",1,2027,4.14925368732831
"REGION1","SEHYDSPH3","SEHO",1,2028,4.14925368732831
"REGION1","SEHYDSPH3","SEHO",1,2029,4.14925368732831
"REGION1","SEHYDSPH3","SEHO",1,2030,4.14925368732831
"REGION1","SEHYDSPH3","SEHO",1,2031,4.14925368732831
"REGION1","SEHYDSPH3","SEHO",1,2032,4.14925368732831
"REGION1","SEHYDSPH3","SEHO",1,2033,4.14925368732831
"REGION1","SEHYDSPH3","SEHO",1,2034,4.14925368732831
"REGION1","SEHYDSPH3","SEHO",1,2035,4.14925368732831
"REGION1","SEHYDSPH3","SEHO",1,2036,4.14925368732831
"REGION1","SEHYDSPH3","SEHO",1,2037,4.14925368732831
"REGION1","SEHYDSPH3","SEHO",1,2038,4.14925368732831
"REGION1","SEHYDSPH3","SEHO",1,2039,4.14925368732831
"REGION1","SEHYDSPH3","SEHO",1,2040,4.14925368732831
"REGION1","SEHYDSPH3","SEHO",1,2041,4.14925368732831
"REGION1","SEHYDSPH3","SEHO",1,2042,4.14925368732831
"REGION1","SEHYDSPH3","SEHO",1,2043,4.14925368732831
"REGION1","SEHYDSPH3","SEHO",1,2044,4.14925368732831
"REGION1","SEHYDSPH3","SEHO",1,2045,4.14925368732831
"REGION1","SEHYDSPH3","SEHO",1,2046,4.14925368732831
"REGION1","SEHYDSPH3","SEHO",1,2047,4.14925368732831
"REGION1","SEHYDSPH3","SEHO",1,2048,4.14925368732831
"REGION1","SEHYDSPH3","SEHO",1,2049,4.14925368732831
"REGION1","SEHYDSPH3","SEHO",1,2050,4.14925368732831
"REGION1","SEHYDSPH3","SEHO",1,2051,4.14925368732831
"REGION1","SEHYDSPH3","SEHO",1,2052,4.14925368732831
"REGION1","SEHYDSPH3","SEHO",1,2053,4.14925368732831
"REGION1","SEHYDSPH3","SEHO",1,2054,4.14925368732831
"REGION1","SEHYDSPH3","SEHO",1,2055,4.14925368732831
"REGION1","SENG00I00","CO2",1,2015,242.50770690048
"REGION1","SENG00I00","CO2",1,2016,242.50770690048
"REGION1","SENG00I00","CO2",1,2017,242.50770690048
"REGION1","SENG00I00","CO2",1,2018,242.50770690048
"REGION1","SENG00I00","CO2",1,2019,242.50770690048
"REGION1","SENG00I00","CO2",1,2020,242.50770690048
"REGION1","SENG00I00","CO2",1,2021,242.63971136294
"REGION1","SENG00I00","CO2",1,2022,242.639229669147
"REGION1","SENG00I00","CO2",1,2023,242.638747975354
"REGION1","SENG00I00","CO2",1,2024,242.50770690048
"REGION1","SENG00I00","CO2",1,2025,334.114830693484
"REGION1","SENG00I00","CO2",1,2026,587.517118305354
"REGION1","SENG00I00","CO2",1,2027,587.517118305353
"REGION1","SENG00I00","CO2",1,2028,587.517118305354
"REGION1","SENG00I00","CO2",1,2029,587.517118305354
"REGION1","SENG00I00","CO2",1,2030,619.712638141608
"REGION1","SENG00I00","CO2",1,2031,1147.54184191783
"REGION1","SENG00I00","CO2",1,2032,1147.54184191783
"REGION1","SENG00I00","CO2",1,2033,1147.89765274972
"REGION1","SENG00I00","CO2",1,2034,1126.022985472
"REGION1","SENG00I00","CO2",1,2035,1126.02298547201
"REGION1","SENG00I00","CO2",1,2036,1126.022985472
"REGION1","SENG00I00","CO2",1,2037,1126.022985472
"REGION1","SENG00I00","CO2",1,2038,1126.022985472
"REGION1","SENG00I00","CO2",1,2039,1126.022985472
"REGION1","SENG00I00","CO2",1,2040,1126.022985472
"REGION1","SENG00I00","CO2",1,2041,1126.022985472
"REGION1","SENG00I00","CO2",1,2042,1126.022985472
"REGION1","SENG00I00","CO2",1,2043,1126.022985472
"REGION1","SENG00I00","CO2",1,2044,1126.022985472
"REGION1","SENG00I00","CO2",1,2045,1126.022985472
"REGION1","SENG00I00","CO2",1,2046,1126.022985472
"REGION1","SENG00I00","CO2",1,2047,1126.022985472
"REGION1","SENG00I00","CO2",1,2048,1126.022985472
"REGION1","SENG00I00","CO2",1,2049,1126.022985472
"REGION1","SENG00I00","CO2",1,2050,1126.022985472
"REGION1","SENG00I00","CO2",1,2051,1126.022985472
"REGION1","SENG00I00","CO2",1,2052,1126.022985472
"REGION1","SENG00I00","CO2",1,2053,1126.022985472
"REGION1","SENG00I00","CO2",1,2054,1126.022985472
"REGION1","SENG00I00","CO2",1,2055,1126.022985472
"REGION1","SENG00I00","CO2",1,2056,1126.022985472
"REGION1","SENG00I00","CO2",1,2057,1126.022985472
"REGION1","SENG00I00","CO2",1,2058,1126.022985472
"REGION1","SENG00I00","CO2",1,2059,1126.022985472
"REGION1","SENG00I00","CO2",1,2060,1126.022985472
"REGION1","SENGCHPH3","SEPM25",1,2030,5.377533983424e-05
"REGION1","SENGCHPH3","SEPM25",1,2031,3.59423865216e-05
"REGION1","SENGCHPH3","SEPM25",1,2032,3.59423865216e-05
"REGION1","SENGCHPH3","SEPM25",1,2033,3.65366881045186e-05
"REGION1","SESODIFH1","SESO",1,2015,0.00105889641132809
"REGION1","SESODIFH1","SESO",1,2016,0.00105889641132809
"REGION1","SESODIFH1","SESO",1,2017,0.00105889641132809
"REGION1","SESODIFH1","SESO",1,2018,0.00105889641132809
"REGION1","SESODIFH1","SESO",1,2019,0.00105889641132809
"REGION1","SESODIFH1","SESO",1,2020,0.00105889641132809
"REGION1","SESODIFH1","SESO",1,2021,0.00105889641132809
"REGION1","SESODIFH1","SESO",1,2022,0.00105889641132809
"REGION1","SESODIFH1","SESO",1,2023,0.00105889641132809
"REGION1","SESODIFH1","SESO",1,2024,0.00105889641132809
"REGION1","SESODIFH1","SESO",1,2025,0.00105889641132809
"REGION1","SESODIFH1","SESO",1,2026,0.00103427091339023
"REGION1","SESODIFH1","SESO",1,2027,0.00103427091339023
"REGION1","SESODIFH1","SESO",1,2028,0.00103427091339023
"REGION1","SESODIFH1","SESO",1,2029,0.00103427091339023
"REGION1","SESODIFH1","SESO",1,2030,0.00103427091339023
"REGION1","SESODIFH1","SESO",1,2031,0.00103427091339023
"REGION1","SESODIFH1","SESO",1,2032,0.00103427091339023
"REGION1","SESODIFH1","SESO",1,2033,0.000535604580148513
"REGION1","SESODIFH1","SESO",1,2034,0.000535604580148513
"REGION1","SESODIFH1","SESO",1,2035,0.000446337150123761
"REGION1","SESODIFH1","SESO",1,2036,0.000292427788012119
"REGION1","SESOUTPH2","SESO",1,2015,0.319072581445407
"REGION1","SESOUTPH2","SESO",1,2016,0.319072581445407
"REGION1","SESOUTPH2","SESO",1,2017,0.319072581445407
"REGION1","SESOUTPH2","SESO",1,2018,0.319072581445407
"REGION1","SESOUTPH2","SESO",1,2019,0.319072581445407
"REGION1","SESOUTPH2","SESO",1,2020,0.319072581445407
"REGION1","SESOUTPH2","SESO",1,2021,0.319072581445407
"REGION1","SESOUTPH2","SESO",1,2022,0.319072581445407
"REGION1","SESOUTPH2","SESO",1,2023,0.319072581445407
"REGION1","SESOUTPH2","SESO",1,2024,0.319072581445407
"REGION1","SESOUTPH2","SESO",1,2025,0.319072581445407
"REGION1","SESOUTPH2","SESO",1,2026,0.319072581445407
"REGION1","SESOUTPH2","SESO",1,2027,0.319072581445407
"REGION1","SESOUTPH2","SESO",1,2028,0.319072581445407
"REGION1","SESOUTPH2","SESO",1,2029,0.319072581445407
"REGION1","SESOUTPH2","SESO",1,2030,0.319072581445407
"REGION1","SESOUTPH2","SESO",1,2031,0.319072581445407
"REGION1","SESOUTPH2","SESO",1,2032,0.300628083220308
"REGION1","SESOUTPH2","SESO",1,2033,0.294970374986374
"REGION1","SESOUTPH2","SESO",1,2034,0.291892187699141
"REGION1","SESOUTPH2","SESO",1,2035,0.285825080556005
"REGION1","SESOUTPH2","SESO",1,2036,0.282900802633134
"REGION1","SESOUTPH2","SESO",1,2037,0.246254982978627
"REGION1","SESOUTPH2","SESO",1,2038,0.187769424521203
"REGION1","SESOUTPH2","SESO",1,2039,0.135440240638245
"REGION1","SEWIOFPH3","SEWO",1,2015,2.52310745185536
"REGION1","SEWIOFPH3","SEWO",1,2016,2.52310745185536
"REGION1","SEWIOFPH3","SEWO",1,2017,2.52310745185536
"REGION1","SEWIOFPH3","SEWO",1,2018,2.52310745185536
"REGION1","SEWIOFPH3","SEWO",1,2019,2.52310745185536
"REGION1","SEWIOFPH3","SEWO",1,2020,2.52310745185536
"REGION1","SEWIOFPH3","SEWO",1,2021,2.52310745185536
"REGION1","SEWIOFPH3","SEWO",1,2022,2.52310745185536
"REGION1","SEWIOFPH3","SEWO",1,2023,2.52310745185536
"REGION1","SEWIOFPH3","SEWO",1,2024,2.48268481572019
"REGION1","SEWIOFPH3","SEWO",1,2025,2.32834384138589
"REGION1","SEWIOFPH3","SEWO",1,2026,2.32834384138589
"REGION1","SEWIOFPH3","SEWO",1,2027,2.32834384138589
"REGION1","SEWIOFPH3","SEWO",1,2028,2.32834384138589
"REGION1","SEWIOFPH3","SEWO",1,2029,2.32834384138589
"REGION1","SEWIOFPH3","SEWO",1,2030,2.32834384138589
"REGION1","SEWIOFPH3","SEWO",1,2031,2.32834384138589
"REGION1","SEWIOFPH3","SEWO",1,2032,0.705558739813907
"REGION1","SEWIOFPH3","SEWO",1,2033,0.705558739813907
"REGION1","SEWIOFPH3","SEWO",1,2034,0.705558739813907
"REGION1","SEWIOFPH3","SEWO",1,2035,0.705558739813907
"REGION1","SEWIOFPH3","SEWO",1,2036,0.705558739813907
"REGION1","SEWIOFPH3","SEWO",1,2037,0.705558739813907
"REGION1","SEWIONPH3","SEWI",1,2015,43.171562821988
"REGION1","SEWIONPH3","SEWI",1,2016,43.171562821988
"REGION1","SEWIONPH3","SEWI",1,2017,43.171562821988
"REGION1","SEWIONPH3","SEWI",1,2018,43.171562821988
"REGION1","SEWIONPH3","SEWI",1,2019,43.171562821988
"REGION1","SEWIONPH3","SEWI",1,2020,43.171562821988
"REGION1","SEWIONPH3","SEWI",1,2021,43.171562821988
"REGION1","SEWIONPH3","SEWI",1,2022,43.154980558379
"REGION1","SEWIONPH3","SEWI",1,2023,42.8803718644101
"REGION1","SEWIONPH3","SEWI",1,2024,41.2498627170807
"REGION1","SEWIONPH3","SEWI",1,2025,40.9649201486887
"REGION1","SEWIONPH3","SEWI",1,2026,40.7124211395317
"REGION1","SEWIONPH3","SEWI",1,2027,40.5170388161389
"REGION1","SEWIONPH3","SEWI",1,2028,40.4147414701067
"REGION1","SEWIONPH3","SEWI",1,2029,40.2822435763422
"REGION1","SEWIONPH3","SEWI",1,2030,40.0346311279588
"REGION1","SEWIONPH3","SEWI",1,2031,39.7307030693478
"REGION1","SEWIONPH3","SEWI",1,2032,38.8478377203886
"REGION1","SEWIONPH3","SEWI",1,2033,35.5165651011642
"REGION1","SEWIONPH3","SEWI",1,2034,31.276392178039
"REGION1","SEWIONPH3","SEWI",1,2035,26.614292769752
"REGION1","SEWIONPH3","SEWI",1,2036,20.4529003870414
"REGION1","SEWIONPH3","SEWI",1,2037,14.8628350770808
"REGION1","SEWIONPH3","SEWI",1,2038,7.90885054763778
"REGION1","SEWIONPN3","SEWI",1,2015,5.6300294759836
"REGION1","SEWIONPN3","SEWI",1,2016,5.6300294759836
"REGION1","SEWIONPN3","SEWI",1,2017,5.6300294759836
"REGION1","SEWIONPN3","SEWI",1,2018,5.6300294759836
"REGION1","SEWIONPN3","SEWI",1,2019,5.6300294759836
"REGION1","SEWIONPN3","SEWI",1,2020,5.6300294759836
"REGION1","SEWIONPN3","SEWI",1,2021,5.6300294759836
"REGION1","SEWIONPN3","SEWI",1,2022,5.6300294759836
"REGION1","SEWIONPN3","SEWI",1,2023,5.6300294759836
"REGION1","SEWIONPN3","SEWI",1,2024,5.6300294759836
"REGION1","SEWIONPN3","SEWI",1,2025,5.6300294759836
"REGION1","SEWIONPN3","SEWI",1,2026,5.6300294759836
"REGION1","SEWIONPN3","SEWI",1,2027,5.6300294759836
"REGION1","SEWIONPN3","SEWI",1,2028,5.6300294759836
"REGION1","SEWIONPN3","SEWI",1,2029,5.6300294759836
"REGION1","SEWIONPN3","SEWI",1,2030,23.354869232256
"REGION1","SEWIONPN3","SEWI",1,2031,33.7107765948032
"REGION1","SEWIONPN3","SEWI",1,2032,38.4468380278087
"REGION1","SEWIONPN3","SEWI",1,2033,44.1980012669462
"REGION1","SEWIONPN3","SEWI",1,2034,51.0767849138955
"REGION1","SEWIONPN3","SEWI",1,2035,68.8016246701679
"REGION1","SEWIONPN3","SEWI",1,2036,78.7408184116042
"REGION1","SEWIONPN3","SEWI",1,2037,88.5966395335879
"REGION1","SEWIONPN3","SEWI",1,2038,100.746558196676
"REGION1","SEWIONPN3","SEWI",1,2039,118.471397952948
"REGION1","SEWIONPN3","SEWI",1,2040,130.566208233237
"REGION1","SEWIONPN3","SEWI",1,2041,148.29104798951
"REGION1","SEWIONPN3","SEWI",1,2042,159.149492661126
"REGION1","SEWIONPN3","SEWI",1,2043,176.874332417399
"REGION1","SEWIONPN3","SEWI",1,2044,192.226603520113
"REGION1","SEWIONPN3","SEWI",1,2045,209.951443276386
"REGION1","SEWIONPN3","SEWI",1,2046,214.301394938876
"REGION1","SEWIONPN3","SEWI",1,2047,218.655725347038
"REGION1","SEWIONPN3","SEWI",1,2048,223.014433946468
"REGION1","SEWIONPN3","SEWI",1,2049,227.377841111188
"REGION1","SEWIONPN3","SEWI",1,2050,231.745933304361
"REGION1","SEWIONPN3","SEWI",1,2051,234.328929731013
"REGION1","SEWIONPN3","SEWI",1,2052,236.903953662188
"REGION1","SEWIONPN3","SEWI",1,2053,239.472690835153
"REGION1","SEWIONPN3","SEWI",1,2054,244.594063189324
"REGION1","SEWIONPN3","SEWI",1,2055,244.594063189324
"REGION1","SEWIONPN3","SEWI",1,2056,246.949674671527
"REGION1","SEWIONPN3","SEWI",1,2057,249.157937386802
"REGION1","SEWIONPN3","SEWI",1,2058,254.638129302528
"REGION1","SEWIONPN3","SEWI",1,2059,259.48450201743
"REGION1","SEWIONPN3","SEWI",1,2060,259.48450201743
"REGION1","SEWS00X00","SEPM25",1,2015,0.0289718794812473
"REGION1","SEWS00X00","SEPM25",1,2016,0.0268042413849411
"REGION1","SEWS00X00","SEPM25",1,2017,0.0300367519981058
"REGION1","SEWS00X00","SEPM25",1,2018,0.0255136797101458
"REGION1","SEWS00X00","SEPM25",1,2019,0.0246988510010444
"REGION1","SEWS00X00","SEPM25",1,2020,0.029597860583152
"REGION1","SEWS00X00","SEPM25",1,2021,0.0274970543034717
"REGION1","SEWS00X00","SEPM25",1,2022,0.0263625004210017
"REGION1","SEWS00X00","SEPM25",1,2023,0.02612742593774
"REGION1","SEWS00X00","SEPM25",1,2024,0.0676052181760817
"REGION1","SEWS00X00","SEPM25",1,2025,0.0827718177863151
"REGION1","SEWS00X00","SEPM25",1,2026,0.124681443306
"REGION1","SEWS00X00","SEPM25",1,2027,0.124719355992
"REGION1","SEWS00X00","SEPM25",1,2028,0.124757268678
"REGION1","SEWS00X00","SEPM25",1,2029,0.124795181364
"REGION1","SEWS00X00","SEPM25",1,2030,0.12483309405
"REGION1","SEWS00X00","SEPM25",1,2031,0.12332030354
"REGION1","SEWS00X00","SEPM25",1,2032,0.121806769644
"REGION1","SEWS00X00","SEPM25",1,2033,0.120293235748
"REGION1","SEWS00X00","SEPM25",1,2034,0.118779701852
"REGION1","SEWS00X00","SEPM25",1,2035,0.117266911342
"REGION1","SEWS00X00","SEPM25",1,2036,0.115312549548
"REGION1","SEWS00X00","SEPM25",1,2037,0.11335893114
"REGION1","SEWS00X00","SEPM25",1,2038,0.111405312732
"REGION1","SEWS00X00","SEPM25",1,2039,0.109451694324
"REGION1","SEWS00X00","SEPM25",1,2040,0.107498075916
"REGION1","SEWS00X00","SEPM25",1,2041,0.106911544362
"REGION1","SEWS00X00","SEPM25",1,2042,0.106325012808
"REGION1","SEWS00X00","SEPM25",1,2043,0.10573922464
"REGION1","SEWS00X00","SEPM25",1,2044,0.105152693086
"REGION1","SEWS00X00","SEPM25",1,2045,0.104566904918
"REGION1","SEWS00X00","SEPM25",1,2046,0.103225836574
"REGION1","SEWS00X00","SEPM25",1,2047,0.10188476823
"REGION1","SEWS00X00","SEPM25",1,2048,0.100543699886
"REGION1","SEWS00X00","SEPM25",1,2049,0.099202631542
"REGION1","SEWS00X00","SEPM25",1,2050,0.0978615631979999
"REGION1","SEWS00X00","SEPM25",1,2051,0.09619786533
"REGION1","SEWS00X00","SEPM25",1,2052,0.09456241613
"REGION1","SEWS00X00","SEPM25",1,2053,0.092955215598
"REGION1","SEWS00X00","SEPM25",1,2054,0.091374776962
"REGION1","SEWS00X00","SEPM25",1,2055,0.089821100222
"REGION1","SEWS00X00","SEPM25",1,2056,0.088115029352
"REGION1","SEWS00X00","SEPM25",1,2057,0.08644092408
"REGION1","SEWS00X00","SEPM25",1,2058,0.08479804102
"REGION1","SEWS00X00","SEPM25",1,2059,0.083187123558
"REGION1","SEWS00X00","SEPM25",1,2060,0.081606684922
"REGION1","SECK00X00","CO2",1,2015,3763.411376796
"REGION1","SECK00X00","CO2",1,2016,3764.3181859944
"REGION1","SECK00X00","CO2",1,2017,3765.2249951928
"REGION1","SECK00X00","CO2",1,2018,3766.1318043912
"REGION1","SECK00X00","CO2",1,2019,3767.0386135896
"REGION1","SECK00X00","CO2",1,2020,3767.945422788
"REGION1","SECK00X00","CO2",1,2021,3768.8522319864
"REGION1","SECK00X00","CO2",1,2022,3769.7590411848
"REGION1","SECK00X00","CO2",1,2023,3770.6658503832
"REGION1","SECK00X00","CO2",1,2024,3771.5726595816
"REGION1","SECK00X00","CO2",1,2025,3398.18747324892
"REGION1","SECK00X00","CO2",1,2026,2363.73323217898
"REGION1","SECK00X00","CO2",1,2027,2364.64004137738
"REGION1","SECK00X00","CO2",1,2028,2365.54685057577
"REGION1","SECK00X00","CO2",1,2029,2366.45365977418
"REGION1","SECK00X00","CO2",1,2030,2367.36046897257
"REGION1","SECK00X00","CO2",1,2031,168.0187900464
"REGION1","SECK00X00","CO2",1,2032,168.9255992448
"REGION1","SECK00X00","CO2",1,2033,169.8324084432
"REGION1","SECK00X00","CO2",1,2034,170.7392176416
"REGION1","SECK00X00","CO2",1,2035,171.64602684
"REGION1","SECK00X00","CO2",1,2036,172.5528360384
"REGION1","SECK00X00","CO2",1,2037,173.4596452368
"REGION1","SECK00X00","CO2",1,2038,174.3664544352
"REGION1","SECK00X00","CO2",1,2039,175.2732636336
"REGION1","SECK00X00","CO2",1,2040,176.180072832
"REGION1","SECK00X00","CO2",1,2041,177.0868820304
"REGION1","SECK00X00","CO2",1,2042,177.9936912288
"REGION1","SECK00X00","CO2",1,2043,178.9005004272
"REGION1","SECK00X00","CO2",1,2044,179.8073096256
"REGION1","SECK00X00","CO2",1,2045,180.714118824
"REGION1","SECK00X00","CO2",1,2046,181.6209280224
"REGION1","SECK00X00","CO2",1,2047,182.5277372208
"REGION1","SECK00X00","CO2",1,2048,183.4345464192
"REGION1","SECK00X00","CO2",1,2049,184.3413556176
"REGION1","SECK00X00","CO2",1,2050,185.248164816
"REGION1","SECK00X00","CO2",1,2051,186.1549740144
"REGION1","SECK00X00","CO2",1,2052,187.0617832128
"REGION1","SECK00X00","CO2",1,2053,187.9685924112
"REGION1","SECK00X00","CO2",1,2054,188.8754016096
"REGION1","SECK00X00","CO2",1,2055,189.782210808
"REGION1","SECK00X00","CO2",1,2056,188.8754016096
"REGION1","SECK00X00","CO2",1,2057,187.9685924112
"REGION1","SECK00X00","CO2",1,2058,187.0617832128
"REGION1","SECK00X00","CO2",1,2059,186.1549740144
"REGION1","SECK00X00","CO2",1,2060,187.287027187098
"REGION1","SEOI00I00","CO2",1,2015,150.03928294812
"REGION1","SEOI00I00","CO2",1,2016,150.14553285132
"REGION1","SEOI00I00","CO2",1,2017,150.25178275452
"REGION1","SEOI00I00","CO2",1,2018,150.35803265772
"REGION1","SEOI00I00","CO2",1,2019,150.46428256092
"REGION1","SEOI00I00","CO2",1,2020,150.57053246412
"REGION1","SEOI00I00","CO2",1,2021,150.67678236732
"REGION1","SEOI00I00","CO2",1,2022,150.78303227052
"REGION1","SEOI00I00","CO2",1,2023,150.88928217372
"REGION1","SEOI00I00","CO2",1,2024,150.99553207692
"REGION1","SEOI00I00","CO2",1,2025,137.409922185232
"REGION1","SEOI00I00","CO2",1,2026,99.6419495386056
"REGION1","SEOI00I00","CO2",1,2027,99.7481994418057
"REGION1","SEOI00I00","CO2",1,2028,99.8544493450055
"REGION1","SEOI00I00","CO2",1,2029,99.9606992482056
"REGION1","SEOI00I00","CO2",1,2030,100.066949151406
"REGION1","SEOI00I00","CO2",1,2031,19.6865892072
"REGION1","SEOI00I00","CO2",1,2032,19.7928391104
"REGION1","SEOI00I00","CO2",1,2033,19.8990890136
"REGION1","SEOI00I00","CO2",1,2034,20.0053389168
"REGION1","SEOI00I00","CO2",1,2035,20.11158882
"REGION1","SEOI00I00","CO2",1,2036,20.2178387232
"REGION1","SEOI00I00","CO2",1,2037,20.3240886264
"REGION1","SEOI00I00","CO2",1,2038,20.4303385296
"REGION1","SEOI00I00","CO2",1,2039,20.5365884328
"REGION1","SEOI00I00","CO2",1,2040,20.642838336
"REGION1","SEOI00I00","CO2",1,2041,20.7490882392
"REGION1","SEOI00I00","CO2",1,2042,20.8553381424
"REGION1","SEOI00I00","CO2",1,2043,20.9615880456
"REGION1","SEOI00I00","CO2",1,2044,21.0678379488
"REGION1","SEOI00I00","CO2",1,2045,21.174087852
"REGION1","SEOI00I00","CO2",1,2046,21.2803377552
"REGION1","SEOI00I00","CO2",1,2047,21.3865876584
"REGION1","SEOI00I00","CO2",1,2048,21.4928375616
"REGION1","SEOI00I00","CO2",1,2049,21.5990874648
"REGION1","SEOI00I00","CO2",1,2050,21.705337368
"REGION1","SEOI00I00","CO2",1,2051,21.8115872712
"REGION1","SEOI00I00","CO2",1,2052,21.9178371744
"REGION1","SEOI00I00","CO2",1,2053,22.0240870776
"REGION1","SEOI00I00","CO2",1,2054,22.1303369808
"REGION1","SEOI00I00","CO2",1,2055,22.236586884
"REGION1","SEOI00I00","CO2",1,2056,22.1303369808
"REGION1","SEOI00I00","CO2",1,2057,22.0240870776
"REGION1","SEOI00I00","CO2",1,2058,21.9178371744
"REGION1","SEOI00I00","CO2",1,2059,21.8115872712
"REGION1","SEOI00I00","CO2",1,2060,21.9442287797209
"REGION1","SEceCO001","CO2",1,2015,992.579699999999
"REGION1","SEceCO001","CO2",1,2016,998.443039999999
"REGION1","SEceCO001","CO2",1,2017,1004.30638
"REGION1","SEceCO001","CO2",1,2018,1010.16972
"REGION1","SEceCO001","CO2",1,2019,1016.03306
"REGION1","SEceCO001","CO2",1,2020,1021.8964
"REGION1","SEceCO001","CO2",1,2021,1027.75974
"REGION1","SEceCO001","CO2",1,2022,1033.62308
"REGION1","SEceCO001","CO2",1,2023,1039.48642
"REGION1","SEceCO001","CO2",1,2024,1045.34976
"REGION1","SEceCO001","CO2",1,2025,1051.2131
"REGION1","SEceCO001","CO2",1,2026,1057.07644
"REGION1","SEceCO001","CO2",1,2027,1062.93978
"REGION1","SEceCO001","CO2",1,2028,1068.80312
"REGION1","SEceCO001","CO2",1,2029,1074.66646
"REGION1","SEceCO001","CO2",1,2030,1080.5298
"REGION1","SEceCO001","CO2",1,2031,1086.39314
"REGION1","SEceCO001","CO2",1,2032,1092.25648
"REGION1","SEceCO001","CO2",1,2033,1098.11982
"REGION1","SEceCO001","CO2",1,2034,1103.98316
"REGION1","SEceCO001","CO2",1,2035,1109.8465
"REGION1","SEceCO001","CO2",1,2036,1115.70984
"REGION1","SEceCO001","CO2",1,2037,1121.57318
"REGION1","SEceCO001","CO2",1,2038,1127.43652
"REGION1","SEceCO001","CO2",1,2039,1133.29986
"REGION1","SEceCO001","CO2",1,2040,1139.1632
"REGION1","SEceCO001","CO2",1,2041,1145.02654
"REGION1","SEceCO001","CO2",1,2042,1150.88988
"REGION1","SEceCO001","CO2",1,2043,1156.75322
"REGION1","SEceCO001","CO2",1,2044,1162.61656
"REGION1","SEceCO001","CO2",1,2045,1168.4799
"REGION1","SEceCO001","CO2",1,2046,1174.34324
"REGION1","SEceCO001","CO2",1,2047,1180.20658
"REGION1","SEceCO001","CO2",1,2048,1186.06992
"REGION1","SEceCO001","CO2",1,2049,1191.93326
"REGION1","SEceCO001","CO2",1,2050,1197.7966
"REGION1","SEceCO001","CO2",1,2051,1203.65994
"REGION1","SEceCO001","CO2",1,2052,1209.52328
"REGION1","SEceCO001","CO2",1,2053,1215.38662
"REGION1","SEceCO001","CO2",1,2054,1221.24996
"REGION1","SEceCO001","CO2",1,2055,1227.1133
"REGION1","SEceCO001","CO2",1,2056,1221.24996
"REGION1","SEceCO001","CO2",1,2057,1215.38662
"REGION1","SEceCO001","CO2",1,2058,1209.52328
"REGION1","SEceCO001","CO2",1,2059,1203.65994
"REGION1","SEceCO001","CO2",1,2060,1210.97968561056
"REGION1","SEppBC002","CO2",1,2019,-162.234565075196
"REGION1","SEppBC002","CO2",1,2020,-403.972974484002
"REGION1","SEppBC002","CO2",1,2021,-636.955652340058
"REGION1","SEppBC002","CO2",1,2022,-869.943336683466
"REGION1","SEppBC002","CO2",1,2023,-1103.07103647127
"REGION1","SEppBC002","CO2",1,2024,-1124.69945372279
"REGION1","SEppBC002","CO2",1,2025,-1124.69945372279
"REGION1","SEppBC002","CO2",1,2026,-1124.69945372279
"REGION1","SEppBC002","CO2",1,2027,-1124.69945372279
"REGION1","SEppBC002","CO2",1,2028,-1124.69945372279
"REGION1","SEppBC002","CO2",1,2029,-1124.69945372279
"REGION1","SEppBC002","CO2",1,2030,-1124.69945372279
"REGION1","SEppBC002","CO2",1,2031,-1124.69945372279
"REGION1","SEppBC002","CO2",1,2032,-1124.69945372279
"REGION1","SEppBC002","CO2",1,2033,-1124.69945372279
"REGION1","SEppBC002","CO2",1,2034,-1124.69945372279
"REGION1","SEppBC002","CO2",1,2035,-1124.69945372279
"REGION1","SEppBC002","CO2",1,2036,-1124.69945372279
"REGION1","SEppBC002","CO2",1,2037,-1124.69945372279
"REGION1","SEppBC002","CO2",1,2038,-1124.69945372279
"REGION1","SEppBC002","CO2",1,2039,-1124.69945372279
"REGION1","SEppBC002","CO2",1,2040,-1124.69945372279
"REGION1","SEppBC002","CO2",1,2041,-1124.69945372279
"REGION1","SEppBC002","CO2",1,2042,-1269.9114955524
"REGION1","SEppBC002","CO2",1,2043,-1506.1906552332
"REGION1","SEppBC002","CO2",1,2044,-1742.643796966
"REGION1","SEppBC002","CO2",1,2045,-1979.2635347548
"REGION1","SEppBC002","CO2",1,2046,-2216.0724826036
"REGION1","SEppBC002","CO2",1,2047,-2453.0580265084
"REGION1","SEppBC002","CO2",1,2048,-2690.2201664692
"REGION1","SEppBC002","CO2",1,2049,-2927.58151649
"REGION1","SEppBC002","CO2",1,2050,-3165.1220765708
"REGION1","SEppBC002","CO2",1,2051,-3402.8518467116
"REGION1","SEppBC002","CO2",1,2052,-3640.7834409164
"REGION1","SEppBC002","CO2",1,2053,-3878.9042451812
"REGION1","SEppBC002","CO2",1,2054,-4117.224259506
"REGION1","SEppBC002","CO2",1,2055,-4355.7360978948
"REGION1","SEppBC002","CO2",1,2056,-4576.90055513
"REGION1","SEppBC002","CO2",1,2057,-4586.7568364292
"REGION1","SEppBC002","CO2",1,2058,-4596.8149417924
"REGION1","SEppBC002","CO2",1,2059,-4607.08748522359
"REGION1","SEppBC002","CO2",1,2060,-4637.29059732349
