REGION,TECHNOLOGY,EMISSION,YEAR,VALUE
"REGION1","SEBFHPFH1","SEPM25",2024,2.4748406719344e-05
"REGION1","SEBFHPFH1","SEPM25",2025,1.87487929692e-05
"REGION1","SEBMCCPH1","SEPM25",2019,6.50484494300227e-05
"REGION1","SEBMCCPH1","SEPM25",2020,0.000196381055788582
"REGION1","SEBMCCPH1","SEPM25",2021,0.000196381055788582
"REGION1","SEBMCCPH1","SEPM25",2022,0.000196381055788582
"REGION1","SEBMCCPH1","SEPM25",2023,0.000196381055788582
"REGION1","SEBMCCPH1","SEPM25",2024,0.000196381055788582
"REGION1","SEBMCCPH1","SEPM25",2025,0.000196381055788582
"REGION1","SEBMCCPH1","SEPM25",2060,0.000221699601391635
"REGION1","SEBMCHPH3","SEPM25",2026,6.29646760122141
"REGION1","SEBMCHPH3","SEPM25",2027,6.2964676012213
"REGION1","SEBMCHPH3","SEPM25",2028,6.29646760122248
"REGION1","SEBMCHPH3","SEPM25",2029,6.29646760122141
"REGION1","SEBMCHPH3","SEPM25",2030,3.14823380061065
"REGION1","SEBMSTPH3","SEPM25",2020,3839.33687325157
"REGION1","SEBMSTPH3","SEPM25",2021,4474.02499573229
"REGION1","SEBMSTPH3","SEPM25",2022,6823.13661052215
"REGION1","SEBMSTPH3","SEPM25",2023,7338.66292128009
"REGION1","SEBMSTPH3","SEPM25",2024,8459.81021330034
"REGION1","SEBMSTPH3","SEPM25",2025,8342.49204502202
"REGION1","SEBMSTPH3","SEPM25",2026,8602.84036329843
"REGION1","SEBMSTPH3","SEPM25",2027,8602.84036329843
"REGION1","SEBMSTPH3","SEPM25",2028,8602.84036329843
"REGION1","SEBMSTPH3","SEPM25",2029,8602.84036329843
"REGION1","SEBMSTPH3","SEPM25",2030,882.571158534525
"REGION1","SEBMSTPH3","SEPM25",2031,686.681055385415
"REGION1","SEBMSTPH3","SEPM25",2032,686.681055385415
"REGION1","SEBMSTPH3","SEPM25",2033,686.681055385417
"REGION1","SEBMSTPH3","SEPM25",2034,686.681055385415
"REGION1","SEBMSTPH3","SEPM25",2035,4241.6301233041
"REGION1","SEBMSTPH3","SEPM25",2036,4241.6301233041
"REGION1","SEBMSTPH3","SEPM25",2037,4241.6301233041
"REGION1","SEBMSTPH3","SEPM25",2038,4241.6301233041
"REGION1","SEBMSTPH3","SEPM25",2039,4241.63012330411
"REGION1","SEBMSTPH3","SEPM25",2040,6135.57757424085
"REGION1","SEBMSTPH3","SEPM25",2041,11978.3456028616
"REGION1","SEBMSTPH3","SEPM25",2042,11880.400551287
"REGION1","SEBMSTPH3","SEPM25",2043,12707.6840020493
"REGION1","SEBMSTPH3","SEPM25",2044,12707.6840020493
"REGION1","SEBMSTPH3","SEPM25",2045,14441.7934413848
"REGION1","SEBMSTPH3","SEPM25",2046,14441.7934413849
"REGION1","SEBMSTPH3","SEPM25",2047,14441.7934413849
"REGION1","SEBMSTPH3","SEPM25",2048,14441.7934413849
"REGION1","SEBMSTPH3","SEPM25",2049,14441.7934413849
"REGION1","SEBMSTPH3","SEPM25",2050,14441.7934413849
"REGION1","SEBMSTPH3","SEPM25",2051,14441.7934413849
"REGION1","SEBMSTPH3","SEPM25",2052,14441.7934413849
"REGION1","SEBMSTPH3","SEPM25",2053,14441.7934413849
"REGION1","SEBMSTPH3","SEPM25",2054,14441.7934413849
"REGION1","SEBMSTPH3","SEPM25",2055,14441.7934413849
"REGION1","SEBMSTPH3","SEPM25",2056,14441.7934413848
"REGION1","SEBMSTPH3","SEPM25",2057,14441.7934413849
"REGION1","SEBMSTPH3","SEPM25",2058,14441.7934413849
"REGION1","SEBMSTPH3","SEPM25",2059,14441.7934413849
"REGION1","SEBMSTPH3","SEPM25",2060,13853.057437574
"REGION1","SECO00I00","CO2",2015,1003.0242266154
"REGION1","SECO00I00","CO2",2016,1092.1044952026
"REGION1","SECO00I00","CO2",2017,1181.1856691448
"REGION1","SECO00I00","CO2",2018,1270.265937732
"REGION1","SECO00I00","CO2",2019,1359.3471116742
"REGION1","SECO00I00","CO2",2020,1448.4273802614
"REGION1","SECO00I00","CO2",2021,1450.3255837686
"REGION1","SECO00I00","CO2",2022,1452.2237872758
"REGION1","SECO00I00","CO2",2023,1454.121990783
"REGION1","SECO00I00","CO2",2024,1456.02019429019
"REGION1","SECO00I00","CO2",2025,1457.9183977974
"REGION1","SECO00I00","CO2",2026,972.350017150916
"REGION1","SECO00I00","CO2",2027,1046.26830555312
"REGION1","SECO00I00","CO2",2028,1120.18749931032
"REGION1","SECO00I00","CO2",2029,1166.42972056418
"REGION1","SECO00I00","CO2",2030,1181.4725817734
"REGION1","SECO00I00","CO2",2031,377.310829312074
"REGION1","SECO00I00","CO2",2032,359.987254002252
"REGION1","SECO00I00","CO2",2033,342.6615154088
"REGION1","SECO00I00","CO2",2034,325.337940098978
"REGION1","SECO00I00","CO2",2035,308.012201505526
"REGION1","SECO00I00","CO2",2036,290.686462912074
"REGION1","SECO00I00","CO2",2037,273.362887602252
"REGION1","SECO00I00","CO2",2038,256.036784415108
"REGION1","SECO00I00","CO2",2039,238.713573698978
"REGION1","SECO00I00","CO2",2040,221.356706240278
"REGION1","SECO00I00","CO2",2041,204.064259795704
"REGION1","SECO00I00","CO2",2042,186.738521202252
"REGION1","SECO00I00","CO2",2043,169.383817027182
"REGION1","SECO00I00","CO2",2044,152.089207298978
"REGION1","SECO00I00","CO2",2045,134.846398730843
"REGION1","SECO00I00","CO2",2046,117.520660137391
"REGION1","SECO00I00","CO2",2047,100.197084827569
"REGION1","SECO00I00","CO2",2048,82.8713462341173
"REGION1","SECO00I00","CO2",2049,65.5477709242954
"REGION1","SECO00I00","CO2",2050,47.1040262083367
"REGION1","SECO00I00","CO2",2051,47.1040262083367
"REGION1","SECO00I00","CO2",2052,47.1040262083367
"REGION1","SECO00I00","CO2",2053,47.1040262083367
"REGION1","SECO00I00","CO2",2054,46.8473783726709
"REGION1","SECO00I00","CO2",2055,45.1572089938098
"REGION1","SECO00I00","CO2",2056,45.1572089938098
"REGION1","SECO00I00","CO2",2057,45.1572089938098
"REGION1","SECO00I00","CO2",2058,45.1572089938098
"REGION1","SECO00I00","CO2",2059,45.1572089938098
"REGION1","SECO00I00","CO2",2060,45.1572089938097
"REGION1","SECO00X00","CO2",2015,796.01346594
"REGION1","SECO00X00","CO2",2016,708.83140086
"REGION1","SECO00X00","CO2",2017,621.648430425
"REGION1","SECO00X00","CO2",2018,534.466365345
"REGION1","SECO00X00","CO2",2019,447.28339491
"REGION1","SECO00X00","CO2",2020,360.10132983
"REGION1","SECO00X00","CO2",2021,360.10132983
"REGION1","SECO00X00","CO2",2022,360.10132983
"REGION1","SECO00X00","CO2",2023,360.10132983
"REGION1","SECO00X00","CO2",2024,360.10132983
"REGION1","SECO00X00","CO2",2025,360.10132983
"REGION1","SECO00X00","CO2",2026,288.081244935
"REGION1","SECO00X00","CO2",2027,216.06116004
"REGION1","SECO00X00","CO2",2028,144.04016979
"REGION1","SECO00X00","CO2",2029,72.020265966
"REGION1","SEHF00I00","CO2",2015,1000.9098647964
"REGION1","SEHF00I00","CO2",2016,1027.7297601012
"REGION1","SEHF00I00","CO2",2017,1055.2673922336
"REGION1","SEHF00I00","CO2",2018,1083.5429436
"REGION1","SEHF00I00","CO2",2019,1120.88039544
"REGION1","SEHF00I00","CO2",2020,1142.32420224
"REGION1","SEHF00I00","CO2",2021,1154.8902730248
"REGION1","SEHF00I00","CO2",2022,1167.5938364532
"REGION1","SEHF00I00","CO2",2023,1180.437415326
"REGION1","SEHF00I00","CO2",2024,1193.4222710436
"REGION1","SEHF00I00","CO2",2025,1206.5496650064
"REGION1","SEHF00I00","CO2",2026,1219.8221200152
"REGION1","SEHF00I00","CO2",2027,1233.23963607
"REGION1","SEHF00I00","CO2",2028,1246.8047359716
"REGION1","SEHF00I00","CO2",2029,1260.5199425208
"REGION1","SEHF00I00","CO2",2030,1274.380210116
"REGION1","SEHF00I00","CO2",2031,1288.406982564
"REGION1","SEHF00I00","CO2",2032,1302.572509056
"REGION1","SEHF00I00","CO2",2033,1316.9020176
"REGION1","SEHF00I00","CO2",2034,1331.395508196
"REGION1","SEHF00I00","CO2",2035,1346.04036684
"REGION1","SEHF00I00","CO2",2036,1360.849207536
"REGION1","SEHF00I00","CO2",2037,1375.80941628
"REGION1","SEHF00I00","CO2",2038,1390.94622108
"REGION1","SEHF00I00","CO2",2039,1406.247007932
"REGION1","SEHF00I00","CO2",2040,1421.711776836
"REGION1","SEHF00I00","CO2",2041,1437.353141796
"REGION1","SEHF00I00","CO2",2042,1453.158488808
"REGION1","SEHF00I00","CO2",2043,1469.15304588
"REGION1","SEHF00I00","CO2",2044,1485.311585004
"REGION1","SEHF00I00","CO2",2045,1501.646720184
"REGION1","SEHF00I00","CO2",2046,1518.171065424
"REGION1","SEHF00I00","CO2",2047,1534.87200672
"REGION1","SEHF00I00","CO2",2048,1551.749544072
"REGION1","SEHF00I00","CO2",2049,1568.816291484
"REGION1","SEHF00I00","CO2",2050,1586.072248956
"REGION1","SEHF00I00","CO2",2051,1603.517416488
"REGION1","SEHF00I00","CO2",2052,1621.164408084
"REGION1","SEHF00I00","CO2",2053,1639.00060974
"REGION1","SEHF00I00","CO2",2054,1657.026021456
"REGION1","SEHF00I00","CO2",2055,1675.253257236
"REGION1","SEHF00I00","CO2",2056,1693.68231708
"REGION1","SEHF00I00","CO2",2057,1712.313200988
"REGION1","SEHF00I00","CO2",2058,1731.14590896
"REGION1","SEHF00I00","CO2",2059,1750.193055
"REGION1","SEHF00I00","CO2",2060,1769.442025104
"REGION1","SEHYDMPH1","SEHO",2015,19.2379220267001
"REGION1","SEHYDMPH1","SEHO",2016,16.9589782232747
"REGION1","SEHYDMPH1","SEHO",2017,14.4444674488188
"REGION1","SEHYDMPH1","SEHO",2018,13.6709540131189
"REGION1","SEHYDMPH1","SEHO",2019,13.6157851078023
"REGION1","SEHYDMPH1","SEHO",2020,13.2773260010206
"REGION1","SEHYDMPH1","SEHO",2021,13.2622928288778
"REGION1","SEHYDMPH1","SEHO",2022,13.1309936706719
"REGION1","SEHYDMPH1","SEHO",2023,12.8998231933812
"REGION1","SEHYDMPH1","SEHO",2024,12.7211269962118
"REGION1","SEHYDMPH1","SEHO",2025,12.4421623772972
"REGION1","SEHYDMPH1","SEHO",2026,12.4073449833249
"REGION1","SEHYDMPH1","SEHO",2027,12.2675081179209
"REGION1","SEHYDMPH1","SEHO",2028,12.2106373440598
"REGION1","SEHYDMPH1","SEHO",2029,11.6880218785285
"REGION1","SEHYDMPH1","SEHO",2030,11.4716009286233
"REGION1","SEHYDMPH1","SEHO",2031,11.4301887940412
"REGION1","SEHYDMPH1","SEHO",2032,11.2085913273132
"REGION1","SEHYDMPH1","SEHO",2033,10.8112759333685
"REGION1","SEHYDMPH1","SEHO",2034,10.6101718003635
"REGION1","SEHYDMPH1","SEHO",2035,10.378547491461
"REGION1","SEHYDMPH1","SEHO",2036,10.2231101643994
"REGION1","SEHYDMPH1","SEHO",2037,10.0343445783418
"REGION1","SEHYDMPH1","SEHO",2038,9.46918239919871
"REGION1","SEHYDMPH1","SEHO",2039,9.03875147982626
"REGION1","SEHYDMPH1","SEHO",2040,8.86828098062175
"REGION1","SEHYDMPH1","SEHO",2041,8.53102736405908
"REGION1","SEHYDMPH1","SEHO",2042,7.69895546819148
"REGION1","SEHYDMPH1","SEHO",2043,7.5465531400341
"REGION1","SEHYDMPH1","SEHO",2044,7.27021223512562
"REGION1","SEHYDMPH1","SEHO",2045,7.27021223512562
"REGION1","SEHYDMPH1","SEHO",2046,7.19433726251795
"REGION1","SEHYDMPH1","SEHO",2047,7.19433726251795
"REGION1","SEHYDMPH1","SEHO",2048,7.18299147222148
"REGION1","SEHYDMPH1","SEHO",2049,7.08797047848852
"REGION1","SEHYDMPH1","SEHO",2050,7.0706681482864
"REGION1","SEHYDMPH1","SEHO",2051,7.0706681482864
"REGION1","SEHYDMPH1","SEHO",2052,6.77170657397433
"REGION1","SEHYDMPH1","SEHO",2053,6.75610611231668
"REGION1","SEHYDMPH1","SEHO",2054,6.75610611231668
"REGION1","SEHYDMPH1","SEHO",2055,6.49798938307191
"REGION1","SEHYDMPH1","SEHO",2056,6.48891275083473
"REGION1","SEHYDMPH1","SEHO",2057,6.40396114598989
"REGION1","SEHYDMPH1","SEHO",2058,6.23059747025978
"REGION1","SEHYDMPH1","SEHO",2059,5.82446072435964
"REGION1","SEHYDMPH1","SEHO",2060,5.70489027687269
"REGION1","SEHYDMPH2","SEHO",2015,141.55121431783
"REGION1","SEHYDMPH2","SEHO",2016,140.503146939193
"REGION1","SEHYDMPH2","SEHO",2017,140.141499873493
"REGION1","SEHYDMPH2","SEHO",2018,134.2884903043
"REGION1","SEHYDMPH2","SEHO",2019,133.012088895947
"REGION1","SEHYDMPH2","SEHO",2020,132.870266517241
"REGION1","SEHYDMPH2","SEHO",2021,132.232065813064
"REGION1","SEHYDMPH2","SEHO",2022,130.799659788135
"REGION1","SEHYDMPH2","SEHO",2023,130.799659788135
"REGION1","SEHYDMPH2","SEHO",2024,127.651202980863
"REGION1","SEHYDMPH2","SEHO",2025,127.651202980863
"REGION1","SEHYDMPH2","SEHO",2026,127.261191439422
"REGION1","SEHYDMPH2","SEHO",2027,126.871179897981
"REGION1","SEHYDMPH2","SEHO",2028,126.871179897981
"REGION1","SEHYDMPH2","SEHO",2029,123.536935774605
"REGION1","SEHYDMPH2","SEHO",2030,123.094449953042
"REGION1","SEHYDMPH2","SEHO",2031,121.605598621387
"REGION1","SEHYDMPH2","SEHO",2032,118.444377800033
"REGION1","SEHYDMPH2","SEHO",2033,112.391398676864
"REGION1","SEHYDMPH2","SEHO",2034,108.90682283206
"REGION1","SEHYDMPH2","SEHO",2035,102.051838157309
"REGION1","SEHYDMPH2","SEHO",2036,98.148177183429
"REGION1","SEHYDMPH2","SEHO",2037,91.1017322974256
"REGION1","SEHYDMPH2","SEHO",2038,86.7243845786675
"REGION1","SEHYDMPH2","SEHO",2039,83.9333201657351
"REGION1","SEHYDMPH2","SEHO",2040,81.7634377715345
"REGION1","SEHYDMPH2","SEHO",2041,73.8483308159574
"REGION1","SEHYDMPH2","SEHO",2042,70.6232899241849
"REGION1","SEHYDMPH2","SEHO",2043,65.9006047132779
"REGION1","SEHYDMPH2","SEHO",2044,58.4889672021067
"REGION1","SEHYDMPH2","SEHO",2045,56.5601828517063
"REGION1","SEHYDMPH2","SEHO",2046,54.3364079535975
"REGION1","SEHYDMPH2","SEHO",2047,52.7054505984795
"REGION1","SEHYDMPH2","SEHO",2048,47.2155063187735
"REGION1","SEHYDMPH2","SEHO",2049,45.1271717923289
"REGION1","SEHYDMPH2","SEHO",2050,42.5034577862694
"REGION1","SEHYDMPH2","SEHO",2051,39.567734547057
"REGION1","SEHYDMPH2","SEHO",2052,39.0004450322333
"REGION1","SEHYDMPH2","SEHO",2053,34.2635775834557
"REGION1","SEHYDMPH2","SEHO",2054,29.7904997590712
"REGION1","SEHYDMPH2","SEHO",2055,23.9970555889345
"REGION1","SEHYDMPH2","SEHO",2056,19.1807676080816
"REGION1","SEHYDMPH2","SEHO",2057,18.8120294234462
"REGION1","SEHYDMPH2","SEHO",2058,17.5781747287047
"REGION1","SEHYDMPH2","SEHO",2059,16.457777936928
"REGION1","SEHYDMPH2","SEHO",2060,15.4933857617278
"REGION1","SEHYDMPH3","SEHO",2015,70.8090772402897
"REGION1","SEHYDMPH3","SEHO",2016,70.8090772402896
"REGION1","SEHYDMPH3","SEHO",2017,70.8090772402896
"REGION1","SEHYDMPH3","SEHO",2018,70.8090772402897
"REGION1","SEHYDMPH3","SEHO",2019,70.8090772402896
"REGION1","SEHYDMPH3","SEHO",2020,70.8090772402896
"REGION1","SEHYDMPH3","SEHO",2021,70.8090772402896
"REGION1","SEHYDMPH3","SEHO",2022,70.8090772402896
"REGION1","SEHYDMPH3","SEHO",2023,70.8090772402896
"REGION1","SEHYDMPH3","SEHO",2024,69.1355731715598
"REGION1","SEHYDMPH3","SEHO",2025,69.1355731715598
"REGION1","SEHYDMPH3","SEHO",2026,69.1355731715598
"REGION1","SEHYDMPH3","SEHO",2027,69.1355731715598
"REGION1","SEHYDMPH3","SEHO",2028,69.1355731715598
"REGION1","SEHYDMPH3","SEHO",2029,69.1355731715598
"REGION1","SEHYDMPH3","SEHO",2030,111.302259697164
"REGION1","SEHYDMPH3","SEHO",2031,113.903523163401
"REGION1","SEHYDMPH3","SEHO",2032,118.358341451484
"REGION1","SEHYDMPH3","SEHO",2033,125.880635968597
"REGION1","SEHYDMPH3","SEHO",2034,130.638315946407
"REGION1","SEHYDMPH3","SEHO",2035,138.79692493006
"REGION1","SEHYDMPH3","SEHO",2036,143.384921702894
"REGION1","SEHYDMPH3","SEHO",2037,150.612132174955
"REGION1","SEHYDMPH3","SEHO",2038,155.546642072856
"REGION1","SEHYDMPH3","SEHO",2039,154.638089068232
"REGION1","SEHYDMPH3","SEHO",2040,161.091490298566
"REGION1","SEHYDMPH3","SEHO",2041,170.925850870706
"REGION1","SEHYDMPH3","SEHO",2042,170.925850870706
"REGION1","SEHYDMPH3","SEHO",2043,183.02405119741
"REGION1","SEHYDMPH3","SEHO",2044,182.731493254621
"REGION1","SEHYDMPH3","SEHO",2045,195.80581396389
"REGION1","SEHYDMPH3","SEHO",2046,199.696463834607
"REGION1","SEHYDMPH3","SEHO",2047,202.918421189725
"REGION1","SEHYDMPH3","SEHO",2048,210.010711259727
"REGION1","SEHYDMPH3","SEHO",2049,213.785066779905
"REGION1","SEHYDMPH3","SEHO",2050,218.017083116167
"REGION1","SEHYDMPH3","SEHO",2051,222.314806355379
"REGION1","SEHYDMPH3","SEHO",2052,224.551057444515
"REGION1","SEHYDMPH3","SEHO",2053,230.67952535495
"REGION1","SEHYDMPH3","SEHO",2054,234.074095394025
"REGION1","SEHYDMPH3","SEHO",2055,243.977164078716
"REGION1","SEHYDMPH3","SEHO",2056,254.069782379134
"REGION1","SEHYDMPH3","SEHO",2057,255.645472168615
"REGION1","SEHYDMPH3","SEHO",2058,255.375143850373
"REGION1","SEHYDMPH3","SEHO",2059,255.375143850373
"REGION1","SEHYDMPH3","SEHO",2060,263.05618669945
"REGION1","SEHYDSPH2","SEHO",2015,1.31643573384174
"REGION1","SEHYDSPH2","SEHO",2016,1.31643573384174
"REGION1","SEHYDSPH2","SEHO",2017,1.31643573384174
"REGION1","SEHYDSPH2","SEHO",2018,1.31643573384174
"REGION1","SEHYDSPH2","SEHO",2019,1.31643573384174
"REGION1","SEHYDSPH2","SEHO",2020,1.31643573384174
"REGION1","SEHYDSPH2","SEHO",2021,1.31643573384174
"REGION1","SEHYDSPH2","SEHO",2022,1.31643573384174
"REGION1","SEHYDSPH2","SEHO",2023,1.31643573384174
"REGION1","SEHYDSPH2","SEHO",2024,1.31643573384174
"REGION1","SEHYDSPH2","SEHO",2025,1.31643573384174
"REGION1","SEHYDSPH2","SEHO",2026,1.31643573384174
"REGION1","SEHYDSPH2","SEHO",2027,1.31643573384174
"REGION1","SEHYDSPH2","SEHO",2028,1.31643573384174
"REGION1","SEHYDSPH2","SEHO",2029,1.31643573384174
"REGION1","SEHYDSPH2","SEHO",2030,1.31643573384174
"REGION1","SEHYDSPH2","SEHO",2031,1.31643573384174
"REGION1","SEHYDSPH2","SEHO",2032,1.31643573384174
"REGION1","SEHYDSPH2","SEHO",2033,1.31643573384174
"REGION1","SEHYDSPH2","SEHO",2034,1.31643573384174
"REGION1","SEHYDSPH2","SEHO",2035,1.31643573384174
"REGION1","SEHYDSPH2","SEHO",2036,0.778537261949414
"REGION1","SEHYDSPH2","SEHO",2037,0.778537261949414
"REGION1","SEHYDSPH2","SEHO",2038,0.778537261949414
"REGION1","SEHYDSPH2","SEHO",2039,0.778537261949414
"REGION1","SEHYDSPH2","SEHO",2040,0.778537261949414
"REGION1","SEHYDSPH2","SEHO",2041,0.778537261949414
"REGION1","SEHYDSPH2","SEHO",2042,0.778537261949414
"REGION1","SEHYDSPH2","SEHO",2043,0.778537261949414
"REGION1","SEHYDSPH2","SEHO",2044,0.778537261949414
"REGION1","SEHYDSPH2","SEHO",2045,0.778537261949414
"REGION1","SEHYDSPH2","SEHO",2046,0.778537261949414
"REGION1","SEHYDSPH2","SEHO",2047,0.778537261949414
"REGION1","SEHYDSPH2","SEHO",2048,0.778537261949414
"REGION1","SEHYDSPH2","SEHO",2049,0.778537261949414
"REGION1","SEHYDSPH2","SEHO",2050,0.778537261949414
"REGION1","SEHYDSPH2","SEHO",2051,0.778537261949414
"REGION1","SEHYDSPH2","SEHO",2052,0.778537261949414
"REGION1","SEHYDSPH2","SEHO",2053,0.778537261949414
"REGION1","SEHYDSPH2","SEHO",2054,0.778537261949414
"REGION1","SEHYDSPH2","SEHO",2055,0.778537261949414
"REGION1","SEHYDSPH2","SEHO",2056,0.778537261949414
"REGION1","SEHYDSPH2","SEHO",2057,0.778537261949414
"REGION1","SEHYDSPH2","SEHO",2058,0.778537261949414
"REGION1","SEHYDSPH2","SEHO",2059,0.778537261949414
"REGION1","SEHYDSPH2","SEHO",2060,0.778537261949414
"REGION1","SEHYDSPH3","SEHO",2015,4.14925368732831
"REGION1","SEHYDSPH3","SEHO",2016,4.14925368732831
"REGION1","SEHYDSPH3","SEHO",2017,4.14925368732831
"REGION1","SEHYDSPH3","SEHO",2018,4.14925368732831
"REGION1","SEHYDSPH3","SEHO",2019,4.14925368732831
"REGION1","SEHYDSPH3","SEHO",2020,4.14925368732831
"REGION1","SEHYDSPH3","SEHO",2021,4.14925368732831
"REGION1","SEHYDSPH3","SEHO",2022,4.14925368732831
"REGION1","SEHYDSPH3","SEHO",2023,4.14925368732831
"REGION1","SEHYDSPH3","SEHO",2024,4.14925368732831
"REGION1","SEHYDSPH3","SEHO",2025,4.14925368732831
"REGION1","SEHYDSPH3","SEHO",2026,4.14925368732831
"REGION1","SEHYDSPH3","SEHO",2027,4.14925368732831
"REGION1","SEHYDSPH3","SEHO",2028,4.14925368732831
"REGION1","SEHYDSPH3","SEHO",2029,4.14925368732831
"REGION1","SEHYDSPH3","SEHO",2030,4.14925368732831
"REGION1","SEHYDSPH3","SEHO",2031,4.14925368732831
"REGION1","SEHYDSPH3","SEHO",2032,4.14925368732831
"REGION1","SEHYDSPH3","SEHO",2033,4.14925368732831
"REGION1","SEHYDSPH3","SEHO",2034,4.14925368732831
"REGION1","SEHYDSPH3","SEHO",2035,4.14925368732831
"REGION1","SEHYDSPH3","SEHO",2036,4.14925368732831
"REGION1","SEHYDSPH3","SEHO",2037,4.14925368732831
"REGION1","SEHYDSPH3","SEHO",2038,4.14925368732831
"REGION1","SEHYDSPH3","SEHO",2039,4.14925368732831
"REGION1","SEHYDSPH3","SEHO",2040,4.14925368732831
"REGION1","SEHYDSPH3","SEHO",2041,4.14925368732831
"REGION1","SEHYDSPH3","SEHO",2042,4.14925368732831
"REGION1","SEHYDSPH3","SEHO",2043,4.14925368732831
"REGION1","SEHYDSPH3","SEHO",2044,4.14925368732831
"REGION1","SEHYDSPH3","SEHO",2045,4.14925368732831
"REGION1","SEHYDSPH3","SEHO",2046,4.14925368732831
"REGION1","SEHYDSPH3","SEHO",2047,4.14925368732831
"REGION1","SEHYDSPH3","SEHO",2048,4.14925368732831
"REGION1","SEHYDSPH3","SEHO",2049,4.14925368732831
"REGION1","SEHYDSPH3","SEHO",2050,4.14925368732831
"REGION1","SEHYDSPH3","SEHO",2051,4.14925368732831
"REGION1","SEHYDSPH3","SEHO",2052,4.14925368732831
"REGION1","SEHYDSPH3","SEHO",2053,4.14925368732831
"REGION1","SEHYDSPH3","SEHO",2054,4.14925368732831
"REGION1","SEHYDSPH3","SEHO",2055,4.14925368732831
"REGION1","SENG00I00","CO2",2015,242.50770690048
"REGION1","SENG00I00","CO2",2016,242.50770690048
"REGION1","SENG00I00","CO2",2017,242.50770690048
"REGION1","SENG00I00","CO2",2018,242.50770690048
"REGION1","SENG00I00","CO2",2019,242.50770690048
"REGION1","SENG00I00","CO2",2020,242.50770690048
"REGION1","SENG00I00","CO2",2021,242.63971136294
"REGION1","SENG00I00","CO2",2022,242.639229669147
"REGION1","SENG00I00","CO2",2023,242.638747975354
"REGION1","SENG00I00","CO2",2024,242.507706900479
"REGION1","SENG00I00","CO2",2025,242.50770690048
"REGION1","SENG00I00","CO2",2026,587.517118305354
"REGION1","SENG00I00","CO2",2027,587.517118305354
"REGION1","SENG00I00","CO2",2028,587.517118305354
"REGION1","SENG00I00","CO2",2029,604.583550257854
"REGION1","SENG00I00","CO2",2030,673.084919861354
"REGION1","SENG00I00","CO2",2031,1144.92137312221
"REGION1","SENG00I00","CO2",2032,1143.22097683396
"REGION1","SENG00I00","CO2",2033,1143.42070620101
"REGION1","SENG00I00","CO2",2034,1126.022985472
"REGION1","SENG00I00","CO2",2035,1126.022985472
"REGION1","SENG00I00","CO2",2036,1126.022985472
"REGION1","SENG00I00","CO2",2037,1126.022985472
"REGION1","SENG00I00","CO2",2038,1126.022985472
"REGION1","SENG00I00","CO2",2039,1126.022985472
"REGION1","SENG00I00","CO2",2040,1126.022985472
"REGION1","SENG00I00","CO2",2041,1126.022985472
"REGION1","SENG00I00","CO2",2042,1126.022985472
"REGION1","SENG00I00","CO2",2043,1126.022985472
"REGION1","SENG00I00","CO2",2044,1013.48890200353
"REGION1","SENG00I00","CO2",2045,837.084392325503
"REGION1","SENG00I00","CO2",2046,660.679882647481
"REGION1","SENG00I00","CO2",2047,484.265369878466
"REGION1","SENG00I00","CO2",2048,307.860860200444
"REGION1","SENG00I00","CO2",2049,131.446347431429
"REGION1","SENG00I00","CO2",2050,5.05729272307604
"REGION1","SENG00I00","CO2",2051,5.05729272307607
"REGION1","SENG00I00","CO2",2052,5.057292723076
"REGION1","SENG00I00","CO2",2053,5.05729272307592
"REGION1","SENG00I00","CO2",2054,5.05729272307602
"REGION1","SENG00I00","CO2",2055,5.05729272307617
"REGION1","SENG00I00","CO2",2056,5.05729272307628
"REGION1","SENG00I00","CO2",2057,5.05729272307605
"REGION1","SENG00I00","CO2",2058,5.05729272307606
"REGION1","SENG00I00","CO2",2059,5.05729272307535
"REGION1","SENG00I00","CO2",2060,5.05729272307607
"REGION1","SENGCHPH3","SEPM25",2030,5.377533983424e-05
"REGION1","SENGCHPH3","SEPM25",2031,3.15654856134709e-05
"REGION1","SENGCHPH3","SEPM25",2032,2.87253578963646e-05
"REGION1","SENGCHPH3","SEPM25",2033,2.90589606660127e-05
"REGION1","SESODIFH1","SESO",2015,0.00105889641132809
"REGION1","SESODIFH1","SESO",2016,0.00105889641132809
"REGION1","SESODIFH1","SESO",2017,0.00105889641132809
"REGION1","SESODIFH1","SESO",2018,0.00105889641132809
"REGION1","SESODIFH1","SESO",2019,0.00105889641132809
"REGION1","SESODIFH1","SESO",2020,0.00105889641132809
"REGION1","SESODIFH1","SESO",2021,0.00105889641132809
"REGION1","SESODIFH1","SESO",2022,0.00105889641132809
"REGION1","SESODIFH1","SESO",2023,0.00105889641132809
"REGION1","SESODIFH1","SESO",2024,0.00105889641132809
"REGION1","SESODIFH1","SESO",2025,0.00105889641132809
"REGION1","SESODIFH1","SESO",2026,0.00103427091339023
"REGION1","SESODIFH1","SESO",2027,0.00103427091339023
"REGION1","SESODIFH1","SESO",2028,0.00103427091339023
"REGION1","SESODIFH1","SESO",2029,0.00103427091339023
"REGION1","SESODIFH1","SESO",2030,0.00103427091339023
"REGION1","SESODIFH1","SESO",2031,0.00103427091339023
"REGION1","SESODIFH1","SESO",2032,0.00103427091339023
"REGION1","SESODIFH1","SESO",2033,0.000535604580148513
"REGION1","SESODIFH1","SESO",2034,0.000535604580148513
"REGION1","SESODIFH1","SESO",2035,0.000446337150123761
"REGION1","SESODIFH1","SESO",2036,0.000292427788012119
"REGION1","SESOUTPH2","SESO",2015,0.319072581445407
"REGION1","SESOUTPH2","SESO",2016,0.319072581445407
"REGION1","SESOUTPH2","SESO",2017,0.319072581445407
"REGION1","SESOUTPH2","SESO",2018,0.319072581445407
"REGION1","SESOUTPH2","SESO",2019,0.319072581445407
"REGION1","SESOUTPH2","SESO",2020,0.319072581445407
"REGION1","SESOUTPH2","SESO",2021,0.319072581445407
"REGION1","SESOUTPH2","SESO",2022,0.319072581445407
"REGION1","SESOUTPH2","SESO",2023,0.319072581445407
"REGION1","SESOUTPH2","SESO",2024,0.319072581445407
"REGION1","SESOUTPH2","SESO",2025,0.319072581445407
"REGION1","SESOUTPH2","SESO",2026,0.319072581445407
"REGION1","SESOUTPH2","SESO",2027,0.319072581445407
"REGION1","SESOUTPH2","SESO",2028,0.319072581445407
"REGION1","SESOUTPH2","SESO",2029,0.319072581445407
"REGION1","SESOUTPH2","SESO",2030,0.319072581445407
"REGION1","SESOUTPH2","SESO",2031,0.319072581445407
"REGION1","SESOUTPH2","SESO",2032,0.300628083220308
"REGION1","SESOUTPH2","SESO",2033,0.294970374986374
"REGION1","SESOUTPH2","SESO",2034,0.291892187699141
"REGION1","SESOUTPH2","SESO",2035,0.285825080556005
"REGION1","SESOUTPH2","SESO",2036,0.282900802633134
"REGION1","SESOUTPH2","SESO",2037,0.246254982978627
"REGION1","SESOUTPH2","SESO",2038,0.187769424521203
"REGION1","SESOUTPH2","SESO",2039,0.135440240638245
"REGION1","SEWIOFPH3","SEWO",2015,2.52310745185536
"REGION1","SEWIOFPH3","SEWO",2016,2.52310745185536
"REGION1","SEWIOFPH3","SEWO",2017,2.52310745185536
"REGION1","SEWIOFPH3","SEWO",2018,2.52310745185536
"REGION1","SEWIOFPH3","SEWO",2019,2.52310745185536
"REGION1","SEWIOFPH3","SEWO",2020,2.52310745185536
"REGION1","SEWIOFPH3","SEWO",2021,2.52310745185536
"REGION1","SEWIOFPH3","SEWO",2022,2.52310745185536
"REGION1","SEWIOFPH3","SEWO",2023,2.52310745185536
"REGION1","SEWIOFPH3","SEWO",2024,2.48268481572019
"REGION1","SEWIOFPH3","SEWO",2025,2.32834384138589
"REGION1","SEWIOFPH3","SEWO",2026,2.32834384138589
"REGION1","SEWIOFPH3","SEWO",2027,2.32834384138589
"REGION1","SEWIOFPH3","SEWO",2028,2.32834384138589
"REGION1","SEWIOFPH3","SEWO",2029,2.32834384138589
"REGION1","SEWIOFPH3","SEWO",2030,2.32834384138589
"REGION1","SEWIOFPH3","SEWO",2031,2.32834384138589
"REGION1","SEWIOFPH3","SEWO",2032,0.705558739813907
"REGION1","SEWIOFPH3","SEWO",2033,0.705558739813907
"REGION1","SEWIOFPH3","SEWO",2034,0.705558739813907
"REGION1","SEWIOFPH3","SEWO",2035,0.705558739813907
"REGION1","SEWIOFPH3","SEWO",2036,0.705558739813907
"REGION1","SEWIOFPH3","SEWO",2037,0.705558739813907
"REGION1","SEWIONPH3","SEWI",2015,43.171562821988
"REGION1","SEWIONPH3","SEWI",2016,43.171562821988
"REGION1","SEWIONPH3","SEWI",2017,43.171562821988
"REGION1","SEWIONPH3","SEWI",2018,43.171562821988
"REGION1","SEWIONPH3","SEWI",2019,43.171562821988
"REGION1","SEWIONPH3","SEWI",2020,43.171562821988
"REGION1","SEWIONPH3","SEWI",2021,43.171562821988
"REGION1","SEWIONPH3","SEWI",2022,43.154980558379
"REGION1","SEWIONPH3","SEWI",2023,42.8803718644101
"REGION1","SEWIONPH3","SEWI",2024,41.2498627170807
"REGION1","SEWIONPH3","SEWI",2025,40.9649201486887
"REGION1","SEWIONPH3","SEWI",2026,40.7124211395317
"REGION1","SEWIONPH3","SEWI",2027,40.5170388161389
"REGION1","SEWIONPH3","SEWI",2028,40.4147414701067
"REGION1","SEWIONPH3","SEWI",2029,40.2822435763422
"REGION1","SEWIONPH3","SEWI",2030,40.0346311279588
"REGION1","SEWIONPH3","SEWI",2031,39.7307030693478
"REGION1","SEWIONPH3","SEWI",2032,38.8478377203886
"REGION1","SEWIONPH3","SEWI",2033,35.5165651011642
"REGION1","SEWIONPH3","SEWI",2034,31.276392178039
"REGION1","SEWIONPH3","SEWI",2035,26.614292769752
"REGION1","SEWIONPH3","SEWI",2036,20.4529003870414
"REGION1","SEWIONPH3","SEWI",2037,14.8628350770808
"REGION1","SEWIONPH3","SEWI",2038,7.90885054763778
"REGION1","SEWIONPN3","SEWI",2015,5.6300294759836
"REGION1","SEWIONPN3","SEWI",2016,5.6300294759836
"REGION1","SEWIONPN3","SEWI",2017,5.6300294759836
"REGION1","SEWIONPN3","SEWI",2018,5.6300294759836
"REGION1","SEWIONPN3","SEWI",2019,5.6300294759836
"REGION1","SEWIONPN3","SEWI",2020,5.6300294759836
"REGION1","SEWIONPN3","SEWI",2021,5.6300294759836
"REGION1","SEWIONPN3","SEWI",2022,5.6300294759836
"REGION1","SEWIONPN3","SEWI",2023,5.6300294759836
"REGION1","SEWIONPN3","SEWI",2024,5.6300294759836
"REGION1","SEWIONPN3","SEWI",2025,5.6300294759836
"REGION1","SEWIONPN3","SEWI",2026,5.6300294759836
"REGION1","SEWIONPN3","SEWI",2027,5.6300294759836
"REGION1","SEWIONPN3","SEWI",2028,5.6300294759836
"REGION1","SEWIONPN3","SEWI",2029,5.6300294759836
"REGION1","SEWIONPN3","SEWI",2030,23.354869232256
"REGION1","SEWIONPN3","SEWI",2031,33.6429300288434
"REGION1","SEWIONPN3","SEWI",2032,38.8357393472541
"REGION1","SEWIONPN3","SEWI",2033,45.0309078763019
"REGION1","SEWIONPN3","SEWI",2034,52.3150628958902
"REGION1","SEWIONPN3","SEWI",2035,70.0399026521627
"REGION1","SEWIONPN3","SEWI",2036,80.4221091507679
"REGION1","SEWIONPN3","SEWI",2037,90.7209930607156
"REGION1","SEWIONPN3","SEWI",2038,103.314144845473
"REGION1","SEWIONPN3","SEWI",2039,121.038984601746
"REGION1","SEWIONPN3","SEWI",2040,133.133794882034
"REGION1","SEWIONPN3","SEWI",2041,150.858634638307
"REGION1","SEWIONPN3","SEWI",2042,162.06650008009
"REGION1","SEWIONPN3","SEWI",2043,179.791339836362
"REGION1","SEWIONPN3","SEWI",2044,197.516179592635
"REGION1","SEWIONPN3","SEWI",2045,215.241019348907
"REGION1","SEWIONPN3","SEWI",2046,225.087854004819
"REGION1","SEWIONPN3","SEWI",2047,234.9393079413
"REGION1","SEWIONPN3","SEWI",2048,244.794892962529
"REGION1","SEWIONPN3","SEWI",2049,254.655417080744
"REGION1","SEWIONPN3","SEWI",2050,263.042824998413
"REGION1","SEWIONPN3","SEWI",2051,265.525124226735
"REGION1","SEWIONPN3","SEWI",2052,267.999450912624
"REGION1","SEWIONPN3","SEWI",2053,270.467490796279
"REGION1","SEWIONPN3","SEWI",2054,275.393399905943
"REGION1","SEWIONPN3","SEWI",2055,275.393399905943
"REGION1","SEWIONPN3","SEWI",2056,277.575172366518
"REGION1","SEWIONPN3","SEWI",2057,279.746859949869
"REGION1","SEWIONPN3","SEWI",2058,284.713442156975
"REGION1","SEWIONPN3","SEWI",2059,289.523239643103
"REGION1","SEWIONPN3","SEWI",2060,289.523239643103
"REGION1","SEWS00X00","SEPM25",2015,0.0322647619820031
"REGION1","SEWS00X00","SEPM25",2016,0.0310098442673457
"REGION1","SEWS00X00","SEPM25",2017,0.0263315208866793
"REGION1","SEWS00X00","SEPM25",2018,0.0296252991922716
"REGION1","SEWS00X00","SEPM25",2019,0.0287757153997032
"REGION1","SEWS00X00","SEPM25",2020,0.0300089409006523
"REGION1","SEWS00X00","SEPM25",2021,0.0251805218718365
"REGION1","SEWS00X00","SEPM25",2022,0.0227301341721167
"REGION1","SEWS00X00","SEPM25",2023,0.0242931376514404
"REGION1","SEWS00X00","SEPM25",2024,0.0785724404827445
"REGION1","SEWS00X00","SEPM25",2025,0.0815776245312635
"REGION1","SEWS00X00","SEPM25",2026,0.101249894504264
"REGION1","SEWS00X00","SEPM25",2027,0.100898762535114
"REGION1","SEWS00X00","SEPM25",2028,0.117914215709269
"REGION1","SEWS00X00","SEPM25",2029,0.124795181364
"REGION1","SEWS00X00","SEPM25",2030,0.12483309405
"REGION1","SEWS00X00","SEPM25",2031,0.12332030354
"REGION1","SEWS00X00","SEPM25",2032,0.121806769644
"REGION1","SEWS00X00","SEPM25",2033,0.120293235748
"REGION1","SEWS00X00","SEPM25",2034,0.118779701852
"REGION1","SEWS00X00","SEPM25",2035,0.117266911342
"REGION1","SEWS00X00","SEPM25",2036,0.115312549548
"REGION1","SEWS00X00","SEPM25",2037,0.11335893114
"REGION1","SEWS00X00","SEPM25",2038,0.111405312732
"REGION1","SEWS00X00","SEPM25",2039,0.109451694324
"REGION1","SEWS00X00","SEPM25",2040,0.107498075916
"REGION1","SEWS00X00","SEPM25",2041,0.106911544362
"REGION1","SEWS00X00","SEPM25",2042,0.106325012808
"REGION1","SEWS00X00","SEPM25",2043,0.10573922464
"REGION1","SEWS00X00","SEPM25",2044,0.105152693086
"REGION1","SEWS00X00","SEPM25",2045,0.104566904918
"REGION1","SEWS00X00","SEPM25",2046,0.103225836574
"REGION1","SEWS00X00","SEPM25",2047,0.10188476823
"REGION1","SEWS00X00","SEPM25",2048,0.100543699886
"REGION1","SEWS00X00","SEPM25",2049,0.099202631542
"REGION1","SEWS00X00","SEPM25",2050,0.097861563198
"REGION1","SEWS00X00","SEPM25",2051,0.09619786533
"REGION1","SEWS00X00","SEPM25",2052,0.09456241613
"REGION1","SEWS00X00","SEPM25",2053,0.092955215598
"REGION1","SEWS00X00","SEPM25",2054,0.091374776962
"REGION1","SEWS00X00","SEPM25",2055,0.089821100222
"REGION1","SEWS00X00","SEPM25",2056,0.088115029352
"REGION1","SEWS00X00","SEPM25",2057,0.08644092408
"REGION1","SEWS00X00","SEPM25",2058,0.08479804102
"REGION1","SEWS00X00","SEPM25",2059,0.083187123558
"REGION1","SEWS00X00","SEPM25",2060,0.081606684922
"REGION1","SEstCO001","CO2st",2015,5462.15691
"REGION1","SEstCO001","CO2st",2016,5462.15691
"REGION1","SEstCO001","CO2st",2017,5462.15691
"REGION1","SEstCO001","CO2st",2018,5462.15691
"REGION1","SEstCO001","CO2st",2019,5462.15691
"REGION1","SEstCO001","CO2st",2020,5462.15691
"REGION1","SEstCO001","CO2st",2021,5462.15691
"REGION1","SEstCO001","CO2st",2022,5462.15691
"REGION1","SEstCO001","CO2st",2023,5462.15691
"REGION1","SEstCO001","CO2st",2024,5462.15690999998
"REGION1","SEstCO001","CO2st",2025,5462.15691
"REGION1","SEstCO001","CO2st",2026,3329.20506838947
"REGION1","SEstCO001","CO2st",2027,3329.20506838947
"REGION1","SEstCO001","CO2st",2028,3329.20506838948
"REGION1","SEstCO001","CO2st",2029,3223.69525833943
"REGION1","SEstCO001","CO2st",2030,2999.2415867513
"REGION1","SEstHY003","CO2st",2044,4.49170425192481
"REGION1","SEstHY003","CO2st",2045,11.5327433909823
"REGION1","SEstHY003","CO2st",2046,18.5737825300396
"REGION1","SEstHY003","CO2st",2047,25.6152209341461
"REGION1","SEstHY003","CO2st",2048,32.6562600732034
"REGION1","SEstHY003","CO2st",2049,39.6976984773098
"REGION1","SEstHY003","CO2st",2050,44.7424123713836
"REGION1","SEstHY003","CO2st",2051,44.7424123713836
"REGION1","SEstHY003","CO2st",2052,44.7424123713836
"REGION1","SEstHY003","CO2st",2053,44.7424123713835
"REGION1","SEstHY003","CO2st",2054,44.7424123713836
"REGION1","SEstHY003","CO2st",2055,44.7424123713836
"REGION1","SEstHY003","CO2st",2056,44.7424123713836
"REGION1","SEstHY003","CO2st",2057,44.7424123713836
"REGION1","SEstHY003","CO2st",2058,44.7424123713836
"REGION1","SEstHY003","CO2st",2059,44.7424123713836
"REGION1","SEstHY003","CO2st",2060,44.7424123713836
"REGION1","SEstEA004","CO2st",2026,457.122461736337
"REGION1","SEstEA004","CO2st",2027,457.122461736338
"REGION1","SEstEA004","CO2st",2028,457.122461736337
"REGION1","SEstEA004","CO2st",2029,479.734741660572
"REGION1","SEstEA004","CO2st",2030,527.8384132487
"REGION1","SEstEA004","CO2st",2031,1170.61931
"REGION1","SEstEA004","CO2st",2032,1170.61931
"REGION1","SEstEA004","CO2st",2033,1170.61931
"REGION1","SEstEA004","CO2st",2034,1170.61931
"REGION1","SEstEA004","CO2st",2035,1170.61931
"REGION1","SEstEA004","CO2st",2036,1170.61931
"REGION1","SEstEA004","CO2st",2037,1170.61931
"REGION1","SEstEA004","CO2st",2038,1170.61931
"REGION1","SEstEA004","CO2st",2039,1170.61931
"REGION1","SEstEA004","CO2st",2040,1170.61931
"REGION1","SEstEA004","CO2st",2041,1170.61931
"REGION1","SEstEA004","CO2st",2042,1170.61931
"REGION1","SEstEA004","CO2st",2043,1170.61931
"REGION1","SEstEA004","CO2st",2044,1053.62829574808
"REGION1","SEstEA004","CO2st",2045,870.237256609018
"REGION1","SEstEA004","CO2st",2046,686.84621746996
"REGION1","SEstEA004","CO2st",2047,503.444779065854
"REGION1","SEstEA004","CO2st",2048,320.053739926797
"REGION1","SEstEA004","CO2st",2049,136.65230152269
"REGION1","SEstEA004","CO2st",2050,5.2575876286164
"REGION1","SEstEA004","CO2st",2051,5.25758762861643
"REGION1","SEstEA004","CO2st",2052,5.25758762861629
"REGION1","SEstEA004","CO2st",2053,5.25758762861628
"REGION1","SEstEA004","CO2st",2054,5.25758762861631
"REGION1","SEstEA004","CO2st",2055,5.25758762861654
"REGION1","SEstEA004","CO2st",2056,5.25758762861665
"REGION1","SEstEA004","CO2st",2057,5.25758762861641
"REGION1","SEstEA004","CO2st",2058,5.25758762861642
"REGION1","SEstEA004","CO2st",2059,5.25758762861568
"REGION1","SEstEA004","CO2st",2060,5.25758762861643
"REGION1","SECK00X00","CO2",2015,3763.411376796
"REGION1","SECK00X00","CO2",2016,3764.3181859944
"REGION1","SECK00X00","CO2",2017,3765.2249951928
"REGION1","SECK00X00","CO2",2018,3766.1318043912
"REGION1","SECK00X00","CO2",2019,3767.0386135896
"REGION1","SECK00X00","CO2",2020,3767.945422788
"REGION1","SECK00X00","CO2",2021,3768.8522319864
"REGION1","SECK00X00","CO2",2022,3769.7590411848
"REGION1","SECK00X00","CO2",2023,3770.6658503832
"REGION1","SECK00X00","CO2",2024,3771.57265958159
"REGION1","SECK00X00","CO2",2025,3772.47946878
"REGION1","SECK00X00","CO2",2026,2363.73323217897
"REGION1","SECK00X00","CO2",2027,2364.64004137738
"REGION1","SECK00X00","CO2",2028,2365.54685057578
"REGION1","SECK00X00","CO2",2029,2296.72295971934
"REGION1","SECK00X00","CO2",2030,2149.28989756079
"REGION1","SECK00X00","CO2",2031,158.779670142164
"REGION1","SECK00X00","CO2",2032,150.50385704808
"REGION1","SECK00X00","CO2",2033,142.227010510803
"REGION1","SECK00X00","CO2",2034,133.951197416719
"REGION1","SECK00X00","CO2",2035,125.674350879442
"REGION1","SECK00X00","CO2",2036,117.397504342164
"REGION1","SECK00X00","CO2",2037,109.121691248081
"REGION1","SECK00X00","CO2",2038,100.844670537216
"REGION1","SECK00X00","CO2",2039,92.5690316167192
"REGION1","SECK00X00","CO2",2040,84.2773142074644
"REGION1","SECK00X00","CO2",2041,76.0163719853579
"REGION1","SECK00X00","CO2",2042,67.7395254480805
"REGION1","SECK00X00","CO2",2043,59.4488414820192
"REGION1","SECK00X00","CO2",2044,51.1868658167192
"REGION1","SECK00X00","CO2",2045,42.9496365857505
"REGION1","SECK00X00","CO2",2046,34.6727900484731
"REGION1","SECK00X00","CO2",2047,26.3969769543892
"REGION1","SECK00X00","CO2",2048,18.1201304171118
"REGION1","SECK00X00","CO2",2049,9.8443173230279
"REGION1","SECK00X00","CO2",2050,1.03337724313976
"REGION1","SECK00X00","CO2",2051,1.03337724313976
"REGION1","SECK00X00","CO2",2052,1.03337724313997
"REGION1","SECK00X00","CO2",2053,1.03337724313976
"REGION1","SECK00X00","CO2",2054,0.910771517648359
"REGION1","SECK00X00","CO2",2055,0.103344319356692
"REGION1","SECK00X00","CO2",2056,0.103344319356692
"REGION1","SECK00X00","CO2",2057,0.103344319356692
"REGION1","SECK00X00","CO2",2058,0.103344319356692
"REGION1","SECK00X00","CO2",2059,0.103344319356692
"REGION1","SECK00X00","CO2",2060,0.103344319356692
"REGION1","SEOI00I00","CO2",2015,150.03928294812
"REGION1","SEOI00I00","CO2",2016,150.14553285132
"REGION1","SEOI00I00","CO2",2017,150.25178275452
"REGION1","SEOI00I00","CO2",2018,150.35803265772
"REGION1","SEOI00I00","CO2",2019,150.46428256092
"REGION1","SEOI00I00","CO2",2020,150.57053246412
"REGION1","SEOI00I00","CO2",2021,150.67678236732
"REGION1","SEOI00I00","CO2",2022,150.78303227052
"REGION1","SEOI00I00","CO2",2023,150.88928217372
"REGION1","SEOI00I00","CO2",2024,150.99553207692
"REGION1","SEOI00I00","CO2",2025,151.10178198012
"REGION1","SEOI00I00","CO2",2026,99.6419495386056
"REGION1","SEOI00I00","CO2",2027,99.7481994418056
"REGION1","SEOI00I00","CO2",2028,99.8544493450059
"REGION1","SEOI00I00","CO2",2029,97.4099020632548
"REGION1","SEOI00I00","CO2",2030,92.089776984192
"REGION1","SEOI00I00","CO2",2031,18.6040510092965
"REGION1","SEOI00I00","CO2",2032,17.6343824817836
"REGION1","SEOI00I00","CO2",2033,16.6645928667922
"REGION1","SEOI00I00","CO2",2034,15.6949243392793
"REGION1","SEOI00I00","CO2",2035,14.7251347242879
"REGION1","SEOI00I00","CO2",2036,13.7553451092965
"REGION1","SEOI00I00","CO2",2037,12.7856765817836
"REGION1","SEOI00I00","CO2",2038,11.8158665590518
"REGION1","SEOI00I00","CO2",2039,10.8462184392793
"REGION1","SEOI00I00","CO2",2040,9.87468641947895
"REGION1","SEOI00I00","CO2",2041,8.90676029677499
"REGION1","SEOI00I00","CO2",2042,7.9369706817836
"REGION1","SEOI00I00","CO2",2043,6.96555974946172
"REGION1","SEOI00I00","CO2",2044,5.99751253927929
"REGION1","SEOI00I00","CO2",2045,5.03236484341243
"REGION1","SEOI00I00","CO2",2046,4.06257522842104
"REGION1","SEOI00I00","CO2",2047,3.09290670090812
"REGION1","SEOI00I00","CO2",2048,2.12311708591674
"REGION1","SEOI00I00","CO2",2049,1.15344855840381
"REGION1","SEOI00I00","CO2",2050,0.121079751116784
"REGION1","SEOI00I00","CO2",2051,0.121079751116784
"REGION1","SEOI00I00","CO2",2052,0.121079751116794
"REGION1","SEOI00I00","CO2",2053,0.121079751116784
"REGION1","SEOI00I00","CO2",2054,0.106714164080138
"REGION1","SEOI00I00","CO2",2055,0.0121087478460655
"REGION1","SEOI00I00","CO2",2056,0.0121087478460655
"REGION1","SEOI00I00","CO2",2057,0.0121087478460655
"REGION1","SEOI00I00","CO2",2058,0.0121087478460655
"REGION1","SEOI00I00","CO2",2059,0.0121087478460655
"REGION1","SEOI00I00","CO2",2060,0.0121087478460655
"REGION1","SEceCO001","CO2",2015,992.5797
"REGION1","SEceCO001","CO2",2016,998.44304
"REGION1","SEceCO001","CO2",2017,1004.30638
"REGION1","SEceCO001","CO2",2018,1010.16972
"REGION1","SEceCO001","CO2",2019,1016.03306
"REGION1","SEceCO001","CO2",2020,1021.8964
"REGION1","SEceCO001","CO2",2021,1027.75974
"REGION1","SEceCO001","CO2",2022,1033.62308
"REGION1","SEceCO001","CO2",2023,1039.48642
"REGION1","SEceCO001","CO2",2024,1045.34976
"REGION1","SEceCO001","CO2",2025,1051.2131
"REGION1","SEceCO001","CO2",2026,1057.07644
"REGION1","SEceCO001","CO2",2027,1062.93978
"REGION1","SEceCO001","CO2",2028,1068.80312
"REGION1","SEceCO001","CO2",2029,1069.14720826124
"REGION1","SEceCO001","CO2",2030,1069.14720826124
"REGION1","SEceCO001","CO2",2031,1015.66977444238
"REGION1","SEceCO001","CO2",2032,962.159172617121
"REGION1","SEceCO001","CO2",2033,908.641888648776
"REGION1","SEceCO001","CO2",2034,855.131286823516
"REGION1","SEceCO001","CO2",2035,801.614002855171
"REGION1","SEceCO001","CO2",2036,748.096718886825
"REGION1","SEceCO001","CO2",2037,694.586117061565
"REGION1","SEceCO001","CO2",2038,641.068958234256
"REGION1","SEceCO001","CO2",2039,587.55823126796
"REGION1","SEceCO001","CO2",2040,534.051631791724
"REGION1","SEceCO001","CO2",2041,480.530345474355
"REGION1","SEceCO001","CO2",2042,427.01306150601
"REGION1","SEceCO001","CO2",2043,373.513144172859
"REGION1","SEceCO001","CO2",2044,319.985175712404
"REGION1","SEceCO001","CO2",2045,266.446851976713
"REGION1","SEceCO001","CO2",2046,212.929568008368
"REGION1","SEceCO001","CO2",2047,159.418966183108
"REGION1","SEceCO001","CO2",2048,105.901682214763
"REGION1","SEceCO001","CO2",2049,52.391080389503
"REGION1","SEceCO001","CO2",2054,0.0880903223782876
"REGION1","SEceCO001","CO2",2055,0.668214308507244
"REGION1","SEceCO001","CO2",2056,0.668214308507244
"REGION1","SEceCO001","CO2",2057,0.668214308507244
"REGION1","SEceCO001","CO2",2058,0.668214308507244
"REGION1","SEceCO001","CO2",2059,0.668214308507244
"REGION1","SEceCO001","CO2",2060,0.668214308507244
"REGION1","SEceCO001","CO2ce",2015,1485.4212
"REGION1","SEceCO001","CO2ce",2016,1494.19584
"REGION1","SEceCO001","CO2ce",2017,1502.97048
"REGION1","SEceCO001","CO2ce",2018,1511.74512
"REGION1","SEceCO001","CO2ce",2019,1520.51976
"REGION1","SEceCO001","CO2ce",2020,1529.2944
"REGION1","SEceCO001","CO2ce",2021,1538.06904
"REGION1","SEceCO001","CO2ce",2022,1546.84368
"REGION1","SEceCO001","CO2ce",2023,1555.61832
"REGION1","SEceCO001","CO2ce",2024,1564.39296
"REGION1","SEceCO001","CO2ce",2025,1573.1676
"REGION1","SEceCO001","CO2ce",2026,1581.94224
"REGION1","SEceCO001","CO2ce",2027,1590.71688
"REGION1","SEceCO001","CO2ce",2028,1599.49152
"REGION1","SEceCO001","CO2ce",2029,1600.00645698482
"REGION1","SEceCO001","CO2ce",2030,1600.00645698482
"REGION1","SEceCO001","CO2ce",2031,1519.97609376449
"REGION1","SEceCO001","CO2ce",2032,1439.89609376449
"REGION1","SEceCO001","CO2ce",2033,1359.80609376449
"REGION1","SEceCO001","CO2ce",2034,1279.72609376449
"REGION1","SEceCO001","CO2ce",2035,1199.63609376449
"REGION1","SEceCO001","CO2ce",2036,1119.54609376449
"REGION1","SEceCO001","CO2ce",2037,1039.46609376449
"REGION1","SEceCO001","CO2ce",2038,959.376281041289
"REGION1","SEceCO001","CO2ce",2039,879.296093764491
"REGION1","SEceCO001","CO2ce",2040,799.22208338335
"REGION1","SEceCO001","CO2ce",2041,719.126093764491
"REGION1","SEceCO001","CO2ce",2042,639.036093764491
"REGION1","SEceCO001","CO2ce",2043,558.97208338335
"REGION1","SEceCO001","CO2ce",2044,478.866093764491
"REGION1","SEceCO001","CO2ce",2045,398.74460720834
"REGION1","SEceCO001","CO2ce",2046,318.65460720834
"REGION1","SEceCO001","CO2ce",2047,238.57460720834
"REGION1","SEceCO001","CO2ce",2048,158.48460720834
"REGION1","SEceCO001","CO2ce",2049,78.40460720834
"REGION1","SEceCO001","CO2ce",2054,0.131829446416789
"REGION1","SEceCO001","CO2ce",2055,1
"REGION1","SEceCO001","CO2ce",2056,1
"REGION1","SEceCO001","CO2ce",2057,1
"REGION1","SEceCO001","CO2ce",2058,1
"REGION1","SEceCO001","CO2ce",2059,1
"REGION1","SEceCO001","CO2ce",2060,1
"REGION1","SEceAM002","CO2",2029,-1.91442826123966
"REGION1","SEceAM002","CO2",2030,-3.94820826123954
"REGION1","SEceAM002","CO2",2031,-3.8099913661829
"REGION1","SEceAM002","CO2",2032,-3.8099913661829
"REGION1","SEceAM002","CO2",2033,-3.8099913661829
"REGION1","SEceAM002","CO2",2034,-3.8099913661829
"REGION1","SEceAM002","CO2",2035,-3.8099913661829
"REGION1","SEceAM002","CO2",2036,-3.8099913661829
"REGION1","SEceAM002","CO2",2037,-3.8099913661829
"REGION1","SEceAM002","CO2",2038,-3.80955732501645
"REGION1","SEceAM002","CO2",2039,-3.8099913661829
"REGION1","SEceAM002","CO2",2040,-3.7729331030748
"REGION1","SEceAM002","CO2",2041,-3.8099913661829
"REGION1","SEceAM002","CO2",2042,-3.8099913661829
"REGION1","SEceAM002","CO2",2043,-3.7729331030748
"REGION1","SEceAM002","CO2",2044,-3.8099913661829
"REGION1","SEceAM002","CO2",2045,-3.90614248315974
"REGION1","SEceAM002","CO2",2046,-3.90614248315974
"REGION1","SEceAM002","CO2",2047,-3.90614248315974
"REGION1","SEceAM002","CO2",2048,-3.90614248315974
"REGION1","SEceAM002","CO2",2049,-3.90614248315974
"REGION1","SEceAM002","CO2",2050,-2.3176451818762
"REGION1","SEceAM002","CO2",2051,-2.3176451818762
"REGION1","SEceAM002","CO2",2052,-2.31764518187619
"REGION1","SEceAM002","CO2",2053,-2.3176451818762
"REGION1","SEceAM002","CO2",2054,-2.01211130055892
"REGION1","SEceAM002","CO2ce",2029,0.826023015175202
"REGION1","SEceAM002","CO2ce",2030,1.70354301517515
"REGION1","SEceAM002","CO2ce",2031,1.64390623550867
"REGION1","SEceAM002","CO2ce",2032,1.64390623550867
"REGION1","SEceAM002","CO2ce",2033,1.64390623550867
"REGION1","SEceAM002","CO2ce",2034,1.64390623550867
"REGION1","SEceAM002","CO2ce",2035,1.64390623550867
"REGION1","SEceAM002","CO2ce",2036,1.64390623550867
"REGION1","SEceAM002","CO2ce",2037,1.64390623550867
"REGION1","SEceAM002","CO2ce",2038,1.64371895871158
"REGION1","SEceAM002","CO2ce",2039,1.64390623550867
"REGION1","SEceAM002","CO2ce",2040,1.62791661664988
"REGION1","SEceAM002","CO2ce",2041,1.64390623550867
"REGION1","SEceAM002","CO2ce",2042,1.64390623550867
"REGION1","SEceAM002","CO2ce",2043,1.62791661664988
"REGION1","SEceAM002","CO2ce",2044,1.64390623550867
"REGION1","SEceAM002","CO2ce",2045,1.68539279166003
"REGION1","SEceAM002","CO2ce",2046,1.68539279166003
"REGION1","SEceAM002","CO2ce",2047,1.68539279166003
"REGION1","SEceAM002","CO2ce",2048,1.68539279166003
"REGION1","SEceAM002","CO2ce",2049,1.68539279166003
"REGION1","SEceAM002","CO2ce",2050,1
"REGION1","SEceAM002","CO2ce",2051,1
"REGION1","SEceAM002","CO2ce",2052,0.999999999999997
"REGION1","SEceAM002","CO2ce",2053,1
"REGION1","SEceAM002","CO2ce",2054,0.868170553583211
"REGION1","SEppCO001","CO2pp",2015,1000.592151
"REGION1","SEppCO001","CO2pp",2016,1027.403533
"REGION1","SEppCO001","CO2pp",2017,1054.932424
"REGION1","SEppCO001","CO2pp",2018,1083.199
"REGION1","SEppCO001","CO2pp",2019,1120.5246
"REGION1","SEppCO001","CO2pp",2020,1095.63760848301
"REGION1","SEppCO001","CO2pp",2021,1107.1200285126
"REGION1","SEppCO001","CO2pp",2022,1118.73225571945
"REGION1","SEppCO001","CO2pp",2023,1130.47771793391
"REGION1","SEppCO001","CO2pp",2024,1142.35709253339
"REGION1","SEppCO001","CO2pp",2025,1154.37157516419
"REGION1","SEppCO001","CO2pp",2026,1166.5235571189
"REGION1","SEppCO001","CO2pp",2027,1178.81303839752
"REGION1","SEppCO001","CO2pp",2028,1191.24241029263
"REGION1","SEppCO001","CO2pp",2029,1203.81406409683
"REGION1","SEppCO001","CO2pp",2030,1216.52269895606
"REGION1","SEppCO001","CO2pp",2031,1229.38967739509
"REGION1","SEppCO001","CO2pp",2032,1242.38817692655
"REGION1","SEppCO001","CO2pp",2033,1255.54211047635
"REGION1","SEppCO001","CO2pp",2034,1268.85147804447
"REGION1","SEppCO001","CO2pp",2035,1282.30432316797
"REGION1","SEppCO001","CO2pp",2036,1295.91260230981
"REGION1","SEppCO001","CO2pp",2037,1309.66435900703
"REGION1","SEppCO001","CO2pp",2038,1323.58298791665
"REGION1","SEppCO001","CO2pp",2039,1337.65756911348
"REGION1","SEppCO001","CO2pp",2040,1351.88758432863
"REGION1","SEppCO001","CO2pp",2041,1366.28499002507
"REGION1","SEppCO001","CO2pp",2042,1380.83782973984
"REGION1","SEppCO001","CO2pp",2043,1395.57001639883
"REGION1","SEppCO001","CO2pp",2044,1410.45763707616
"REGION1","SEppCO001","CO2pp",2045,1425.51264823476
"REGION1","SEppCO001","CO2pp",2046,1440.74648806872
"REGION1","SEppCO001","CO2pp",2047,1456.14823665283
"REGION1","SEppCO001","CO2pp",2048,1471.71737571822
"REGION1","SEppCO001","CO2pp",2049,1487.46586172784
"REGION1","SEppCO001","CO2pp",2050,1503.44552156919
"REGION1","SEppCO001","CO2pp",2051,1519.98130982697
"REGION1","SEppCO001","CO2pp",2052,1536.70840149192
"REGION1","SEppCO001","CO2pp",2053,1553.6148401011
"REGION1","SEppCO001","CO2pp",2054,1570.70062565451
"REGION1","SEppCO001","CO2pp",2055,1587.9777146151
"REGION1","SEppCO001","CO2pp",2056,1605.44610698286
"REGION1","SEppCO001","CO2pp",2057,1623.1058027578
"REGION1","SEppCO001","CO2pp",2058,1640.95680193991
"REGION1","SEppCO001","CO2pp",2059,1659.01106099215
"REGION1","SEppCO001","CO2pp",2060,1677.25662345156
"REGION1","SEppBC002","CO2",2020,-893.784864082857
"REGION1","SEppBC002","CO2",2021,-914.616089887797
"REGION1","SEppBC002","CO2",2022,-935.594758632608
"REGION1","SEppBC002","CO2",2023,-956.703393035633
"REGION1","SEppBC002","CO2",2024,-977.953253634047
"REGION1","SEppBC002","CO2",2025,-999.345601376022
"REGION1","SEppBC002","CO2",2026,-1020.88295815791
"REGION1","SEppBC002","CO2",2027,-1042.5653239797
"REGION1","SEppBC002","CO2",2028,-1064.39522073774
"REGION1","SEppBC002","CO2",2029,-1086.37517032839
"REGION1","SEppBC002","CO2",2030,-1108.51012854794
"REGION1","SEppBC002","CO2",2031,-1130.80153233735
"REGION1","SEppBC002","CO2",2032,-1153.23164042579
"REGION1","SEppBC002","CO2",2033,-1175.82567177675
"REGION1","SEppBC002","CO2",2034,-1198.5836263902
"REGION1","SEppBC002","CO2",2035,-1221.49289478443
"REGION1","SEppBC002","CO2",2036,-1244.56608644117
"REGION1","SEppBC002","CO2",2037,-1267.79059187867
"REGION1","SEppBC002","CO2",2038,-1291.20162964942
"REGION1","SEppBC002","CO2",2039,-1314.76659109367
"REGION1","SEppBC002","CO2",2040,-1338.49547580042
"REGION1","SEppBC002","CO2",2041,-1362.40089325141
"REGION1","SEppBC002","CO2",2042,-1386.4702339649
"REGION1","SEppBC002","CO2",2043,-1410.72871690436
"REGION1","SEppBC002","CO2",2044,-1435.15112310632
"REGION1","SEppBC002","CO2",2045,-1459.75006205253
"REGION1","SEppBC002","CO2",2046,-1484.54814281369
"REGION1","SEppBC002","CO2",2047,-1509.5127567301
"REGION1","SEppBC002","CO2",2048,-1534.65390339074
"REGION1","SEppBC002","CO2",2049,-1559.98419227734
"REGION1","SEppBC002","CO2",2050,-1584.50366448975
"REGION1","SEppBC002","CO2",2051,-1601.94257772389
"REGION1","SEppBC002","CO2",2052,-1619.58324266573
"REGION1","SEppBC002","CO2",2053,-1637.41304983355
"REGION1","SEppBC002","CO2",2054,-1655.43199922732
"REGION1","SEppBC002","CO2",2055,-1673.6527003288
"REGION1","SEppBC002","CO2",2056,-1692.07515313797
"REGION1","SEppBC002","CO2",2057,-1710.69935765484
"REGION1","SEppBC002","CO2",2058,-1729.52531387941
"REGION1","SEppBC002","CO2",2059,-1748.56563129341
"REGION1","SEppBC002","CO2",2060,-1767.80770041511
"REGION1","SEppBC002","CO2pp",2020,-847.497608483005
"REGION1","SEppBC002","CO2pp",2021,-867.250028512597
"REGION1","SEppBC002","CO2pp",2022,-887.142255719452
"REGION1","SEppBC002","CO2pp",2023,-907.157717933911
"REGION1","SEppBC002","CO2pp",2024,-927.307092533393
"REGION1","SEppBC002","CO2pp",2025,-947.591575164194
"REGION1","SEppBC002","CO2pp",2026,-968.013557118902
"REGION1","SEppBC002","CO2pp",2027,-988.573038397518
"REGION1","SEppBC002","CO2pp",2028,-1009.27241029263
"REGION1","SEppBC002","CO2pp",2029,-1030.11406409683
"REGION1","SEppBC002","CO2pp",2030,-1051.10269895606
"REGION1","SEppBC002","CO2pp",2031,-1072.23967739509
"REGION1","SEppBC002","CO2pp",2032,-1093.50817692655
"REGION1","SEppBC002","CO2pp",2033,-1114.93211047635
"REGION1","SEppBC002","CO2pp",2034,-1136.51147804447
"REGION1","SEppBC002","CO2pp",2035,-1158.23432316798
"REGION1","SEppBC002","CO2pp",2036,-1180.11260230981
"REGION1","SEppBC002","CO2pp",2037,-1202.13435900703
"REGION1","SEppBC002","CO2pp",2038,-1224.33298791665
"REGION1","SEppBC002","CO2pp",2039,-1246.67756911348
"REGION1","SEppBC002","CO2pp",2040,-1269.17758432863
"REGION1","SEppBC002","CO2pp",2041,-1291.84499002507
"REGION1","SEppBC002","CO2pp",2042,-1314.66782973984
"REGION1","SEppBC002","CO2pp",2043,-1337.67001639883
"REGION1","SEppBC002","CO2pp",2044,-1360.82763707616
"REGION1","SEppBC002","CO2pp",2045,-1384.15264823476
"REGION1","SEppBC002","CO2pp",2046,-1407.66648806872
"REGION1","SEppBC002","CO2pp",2047,-1431.33823665283
"REGION1","SEppBC002","CO2pp",2048,-1455.17737571822
"REGION1","SEppBC002","CO2pp",2049,-1479.19586172784
"REGION1","SEppBC002","CO2pp",2050,-1502.44552156919
"REGION1","SEppBC002","CO2pp",2051,-1518.98130982697
"REGION1","SEppBC002","CO2pp",2052,-1535.70840149192
"REGION1","SEppBC002","CO2pp",2053,-1552.61484010111
"REGION1","SEppBC002","CO2pp",2054,-1569.70062565451
"REGION1","SEppBC002","CO2pp",2055,-1586.9777146151
"REGION1","SEppBC002","CO2pp",2056,-1604.44610698286
"REGION1","SEppBC002","CO2pp",2057,-1622.1058027578
"REGION1","SEppBC002","CO2pp",2058,-1639.95680193991
"REGION1","SEppBC002","CO2pp",2059,-1658.01106099215
"REGION1","SEppBC002","CO2pp",2060,-1676.25662345156
