REGION,TECHNOLOGY,YEAR,VALUE
"REGION1","SEBF00X00",2024,0.0425523030412881
"REGION1","SEBF00X00",2025,0.0320991509405419
"REGION1","SEBFHPFH1",2024,0
"REGION1","SEBFHPFH1",2025,0
"REGION1","SEBM00X00",2015,1.64841721056
"REGION1","SEBM00X00",2016,1.658154696192
"REGION1","SEBM00X00",2017,1.667892181824
"REGION1","SEBM00X00",2018,1.677629667456
"REGION1","SEBM00X00",2019,4.42687668035852
"REGION1","SEBM00X00",2020,197.74850384568
"REGION1","SEBM00X00",2021,229.953981453567
"REGION1","SEBM00X00",2022,347.889508898198
"REGION1","SEBM00X00",2023,374.13570807559
"REGION1","SEBM00X00",2024,430.783086112855
"REGION1","SEBM00X00",2025,431.463206561045
"REGION1","SEBM00X00",2026,438.328622360168
"REGION1","SEBM00X00",2027,438.3383598458
"REGION1","SEBM00X00",2028,438.348097331432
"REGION1","SEBM00X00",2029,439.283157852972
"REGION1","SEBM00X00",2030,59.4054625519587
"REGION1","SEBM00X00",2031,56.4014707569262
"REGION1","SEBM00X00",2032,56.4112082425582
"REGION1","SEBM00X00",2033,56.4209457281899
"REGION1","SEBM00X00",2034,56.4306832138222
"REGION1","SEBM00X00",2035,231.261898643681
"REGION1","SEBM00X00",2036,231.271636129312
"REGION1","SEBM00X00",2037,231.281373614944
"REGION1","SEBM00X00",2038,231.281373614944
"REGION1","SEBM00X00",2039,231.281373614944
"REGION1","SEBM00X00",2040,323.206465879383
"REGION1","SEBM00X00",2041,613.386336808262
"REGION1","SEBM00X00",2042,608.498279551453
"REGION1","SEBM00X00",2043,647.866130511092
"REGION1","SEBM00X00",2044,647.875685202767
"REGION1","SEBM00X00",2045,689.724462072999
"REGION1","SEBM00X00",2046,689.734199558631
"REGION1","SEBM00X00",2047,689.743937044263
"REGION1","SEBM00X00",2048,689.753674529895
"REGION1","SEBM00X00",2049,689.763412015527
"REGION1","SEBM00X00",2050,689.77314950116
"REGION1","SEBM00X00",2051,689.782886986792
"REGION1","SEBM00X00",2052,689.792624472424
"REGION1","SEBM00X00",2053,689.802361958055
"REGION1","SEBM00X00",2054,689.812099443687
"REGION1","SEBM00X00",2055,689.821836929319
"REGION1","SEBM00X00",2056,689.812099443687
"REGION1","SEBM00X00",2057,689.802361958054
"REGION1","SEBM00X00",2058,689.792624472423
"REGION1","SEBM00X00",2059,689.782886986791
"REGION1","SEBM00X00",2060,655.502506721614
"REGION1","SEBMCCPH1",2019,0.00360093482690734
"REGION1","SEBMCCPH1",2020,0.0082126557530785
"REGION1","SEBMCCPH1",2021,0.00821265575307849
"REGION1","SEBMCCPH1",2022,0.00821265575307849
"REGION1","SEBMCCPH1",2023,0.00821265575307849
"REGION1","SEBMCCPH1",2024,0.00821265575307849
"REGION1","SEBMCCPH1",2025,0.00821265575307849
"REGION1","SEBMCHPH3",2026,0
"REGION1","SEBMCHPH3",2027,0
"REGION1","SEBMCHPH3",2028,0
"REGION1","SEBMCHPH3",2029,0
"REGION1","SEBMCHPH3",2030,0
"REGION1","SEBMSTPH3",2020,0
"REGION1","SEBMSTPH3",2021,0
"REGION1","SEBMSTPH3",2022,0
"REGION1","SEBMSTPH3",2023,0
"REGION1","SEBMSTPH3",2024,0
"REGION1","SEBMSTPH3",2025,0
"REGION1","SEBMSTPH3",2026,0
"REGION1","SEBMSTPH3",2027,0
"REGION1","SEBMSTPH3",2028,0
"REGION1","SEBMSTPH3",2029,0
"REGION1","SEBMSTPH3",2030,0
"REGION1","SEBMSTPH3",2031,0
"REGION1","SEBMSTPH3",2032,0
"REGION1","SEBMSTPH3",2033,0
"REGION1","SEBMSTPH3",2034,0
"REGION1","SEBMSTPH3",2035,0
"REGION1","SEBMSTPH3",2036,0
"REGION1","SEBMSTPH3",2037,0
"REGION1","SEBMSTPH3",2038,0
"REGION1","SEBMSTPH3",2039,0
"REGION1","SEBMSTPH3",2040,0
"REGION1","SEBMSTPH3",2041,0
"REGION1","SEBMSTPH3",2042,0
"REGION1","SEBMSTPH3",2043,0
"REGION1","SEBMSTPH3",2044,0
"REGION1","SEBMSTPH3",2045,0
"REGION1","SEBMSTPH3",2046,0
"REGION1","SEBMSTPH3",2047,0
"REGION1","SEBMSTPH3",2048,0
"REGION1","SEBMSTPH3",2049,0
"REGION1","SEBMSTPH3",2050,0
"REGION1","SEBMSTPH3",2051,0
"REGION1","SEBMSTPH3",2052,0
"REGION1","SEBMSTPH3",2053,0
"REGION1","SEBMSTPH3",2054,0
"REGION1","SEBMSTPH3",2055,0
"REGION1","SEBMSTPH3",2056,0
"REGION1","SEBMSTPH3",2057,0
"REGION1","SEBMSTPH3",2058,0
"REGION1","SEBMSTPH3",2059,0
"REGION1","SEBMSTPH3",2060,0
"REGION1","SECO00I00",2015,28.965619792548
"REGION1","SECO00I00",2016,32.527972106284
"REGION1","SECO00I00",2017,36.251834207088
"REGION1","SECO00I00",2018,40.13701103712
"REGION1","SECO00I00",2019,44.183829761896
"REGION1","SECO00I00",2020,48.39210188064
"REGION1","SECO00I00",2021,49.693180911192
"REGION1","SECO00I00",2022,50.997339266076
"REGION1","SECO00I00",2023,52.30489754322
"REGION1","SECO00I00",2024,53.615695548492
"REGION1","SECO00I00",2025,50.0689090108144
"REGION1","SECO00I00",2026,37.4647233276254
"REGION1","SECO00I00",2027,41.2056515983254
"REGION1","SECO00I00",2028,45.0726514114638
"REGION1","SECO00I00",2029,45.5299537900109
"REGION1","SECO00I00",2030,43.727385986121
"REGION1","SECO00I00",2031,16.63690073868
"REGION1","SECO00I00",2032,16.716517917048
"REGION1","SECO00I00",2033,16.796135095416
"REGION1","SECO00I00",2034,16.875752273784
"REGION1","SECO00I00",2035,16.955369452152
"REGION1","SECO00I00",2036,17.03498663052
"REGION1","SECO00I00",2037,17.114603808888
"REGION1","SECO00I00",2038,17.114603808888
"REGION1","SECO00I00",2039,17.114603808888
"REGION1","SECO00I00",2040,17.2012899727845
"REGION1","SECO00I00",2041,17.2794125621396
"REGION1","SECO00I00",2042,17.3590297405076
"REGION1","SECO00I00",2043,17.4401415078885
"REGION1","SECO00I00",2044,17.5182640972436
"REGION1","SECO00I00",2045,17.5993758646245
"REGION1","SECO00I00",2046,17.6789930429925
"REGION1","SECO00I00",2047,17.7586102213605
"REGION1","SECO00I00",2048,17.8382273997285
"REGION1","SECO00I00",2049,17.9178445780965
"REGION1","SECO00I00",2050,17.9974617564645
"REGION1","SECO00I00",2051,18.0770789348325
"REGION1","SECO00I00",2052,18.1566961132005
"REGION1","SECO00I00",2053,18.2363132915685
"REGION1","SECO00I00",2054,18.3159304699365
"REGION1","SECO00I00",2055,18.3955476483045
"REGION1","SECO00I00",2056,18.3159304699365
"REGION1","SECO00I00",2057,18.2363132915685
"REGION1","SECO00I00",2058,18.1566961132005
"REGION1","SECO00I00",2059,18.0770789348325
"REGION1","SECO00I00",2060,18.1811969468239
"REGION1","SECO00X00",2015,20.6887623768
"REGION1","SECO00X00",2016,19.0010550012
"REGION1","SECO00X00",2017,17.171093426
"REGION1","SECO00X00",2018,15.1989859618
"REGION1","SECO00X00",2019,13.0845541574
"REGION1","SECO00X00",2020,10.8279189072
"REGION1","SECO00X00",2021,11.104471701
"REGION1","SECO00X00",2022,11.3810244948
"REGION1","SECO00X00",2023,11.6575772886
"REGION1","SECO00X00",2024,11.9341300824
"REGION1","SECO00X00",2025,12.2107226508
"REGION1","SECO00X00",2026,9.9898266347
"REGION1","SECO00X00",2027,7.6583097792
"REGION1","SECO00X00",2028,5.2161392986
"REGION1","SECO00X00",2029,2.6633867652
"REGION1","SEEL00TD0",2015,0
"REGION1","SEEL00TD0",2016,0
"REGION1","SEEL00TD0",2017,0
"REGION1","SEEL00TD0",2018,0
"REGION1","SEEL00TD0",2019,0
"REGION1","SEEL00TD0",2020,0
"REGION1","SEEL00TD0",2021,0
"REGION1","SEEL00TD0",2022,0
"REGION1","SEEL00TD0",2023,0
"REGION1","SEEL00TD0",2024,0
"REGION1","SEEL00TD0",2025,0
"REGION1","SEEL00TD0",2026,0
"REGION1","SEEL00TD0",2027,0
"REGION1","SEEL00TD0",2028,0
"REGION1","SEEL00TD0",2029,0
"REGION1","SEEL00TD0",2030,0
"REGION1","SEEL00TD0",2031,0
"REGION1","SEEL00TD0",2032,0
"REGION1","SEEL00TD0",2033,0
"REGION1","SEEL00TD0",2034,0
"REGION1","SEEL00TD0",2035,0
"REGION1","SEEL00TD0",2036,0
"REGION1","SEEL00TD0",2037,0
"REGION1","SEEL00TD0",2038,0
"REGION1","SEEL00TD0",2039,0
"REGION1","SEEL00TD0",2040,0
"REGION1","SEEL00TD0",2041,0
"REGION1","SEEL00TD0",2042,0
"REGION1","SEEL00TD0",2043,0
"REGION1","SEEL00TD0",2044,0
"REGION1","SEEL00TD0",2045,0
"REGION1","SEEL00TD0",2046,0
"REGION1","SEEL00TD0",2047,0
"REGION1","SEEL00TD0",2048,0
"REGION1","SEEL00TD0",2049,0
"REGION1","SEEL00TD0",2050,0
"REGION1","SEEL00TD0",2051,0
"REGION1","SEEL00TD0",2052,0
"REGION1","SEEL00TD0",2053,0
"REGION1","SEEL00TD0",2054,0
"REGION1","SEEL00TD0",2055,0
"REGION1","SEEL00TD0",2056,0
"REGION1","SEEL00TD0",2057,0
"REGION1","SEEL00TD0",2058,0
"REGION1","SEEL00TD0",2059,0
"REGION1","SEEL00TD0",2060,0
"REGION1","SEGO00X00",2024,0
"REGION1","SEGO00X00",2025,0
"REGION1","SEGO00X00",2026,0
"REGION1","SEGO00X00",2027,0
"REGION1","SEGO00X00",2028,0
"REGION1","SEGO00X00",2029,0
"REGION1","SEGO00X00",2030,0
"REGION1","SEGO00X00",2031,0
"REGION1","SEGO00X00",2032,0
"REGION1","SEGO00X00",2033,0
"REGION1","SEGO00X00",2034,0
"REGION1","SEGO00X00",2035,0
"REGION1","SEGO00X00",2036,0
"REGION1","SEGO00X00",2037,0
"REGION1","SEGO00X00",2038,0
"REGION1","SEGO00X00",2039,0
"REGION1","SEGO00X00",2040,0
"REGION1","SEGO00X00",2041,0
"REGION1","SEGO00X00",2042,0
"REGION1","SEGO00X00",2043,0
"REGION1","SEGO00X00",2044,0
"REGION1","SEGO00X00",2045,0
"REGION1","SEGO00X00",2046,0
"REGION1","SEGO00X00",2047,0
"REGION1","SEGO00X00",2048,0
"REGION1","SEGO00X00",2049,0
"REGION1","SEGO00X00",2050,0
"REGION1","SEGO00X00",2051,0
"REGION1","SEGO00X00",2052,0
"REGION1","SEGO00X00",2053,0
"REGION1","SEGO00X00",2054,0
"REGION1","SEGO00X00",2055,0
"REGION1","SEGO00X00",2056,0
"REGION1","SEGO00X00",2057,0
"REGION1","SEGO00X00",2058,0
"REGION1","SEGO00X00",2059,0
"REGION1","SEGO00X00",2060,0
"REGION1","SEGOCVPH2",2024,0
"REGION1","SEGOCVPH2",2025,0
"REGION1","SEGOCVPH2",2026,0
"REGION1","SEGOCVPH2",2027,0
"REGION1","SEGOCVPH2",2028,0
"REGION1","SEGOCVPH2",2029,0
"REGION1","SEGOCVPH2",2030,0
"REGION1","SEGOCVPH2",2031,0
"REGION1","SEGOCVPH2",2032,0
"REGION1","SEGOCVPH2",2033,0
"REGION1","SEGOCVPH2",2034,0
"REGION1","SEGOCVPH2",2035,0
"REGION1","SEGOCVPH2",2036,0
"REGION1","SEGOCVPH2",2037,0
"REGION1","SEGOCVPH2",2038,0
"REGION1","SEGOCVPH2",2039,0
"REGION1","SEGOCVPH2",2040,0
"REGION1","SEGOCVPH2",2041,0
"REGION1","SEGOCVPH2",2042,0
"REGION1","SEGOCVPH2",2043,0
"REGION1","SEGOCVPH2",2044,0
"REGION1","SEGOCVPH2",2045,0
"REGION1","SEGOCVPH2",2046,0
"REGION1","SEGOCVPH2",2047,0
"REGION1","SEGOCVPH2",2048,0
"REGION1","SEGOCVPH2",2049,0
"REGION1","SEGOCVPH2",2050,0
"REGION1","SEGOCVPH2",2051,0
"REGION1","SEGOCVPH2",2052,0
"REGION1","SEGOCVPH2",2053,0
"REGION1","SEGOCVPH2",2054,0
"REGION1","SEGOCVPH2",2055,0
"REGION1","SEGOCVPH2",2056,0
"REGION1","SEGOCVPH2",2057,0
"REGION1","SEGOCVPH2",2058,0
"REGION1","SEGOCVPH2",2059,0
"REGION1","SEGOCVPH2",2060,0
"REGION1","SEHF00I00",2015,126.37497910914
"REGION1","SEHF00I00",2016,133.88536219896
"REGION1","SEHF00I00",2017,141.70722366528
"REGION1","SEHF00I00",2018,149.8522923
"REGION1","SEHF00I00",2019,159.513901128
"REGION1","SEHF00I00",2020,167.15003328
"REGION1","SEHF00I00",2021,175.9466624508
"REGION1","SEHF00I00",2022,184.916481309
"REGION1","SEHF00I00",2023,194.062389669
"REGION1","SEHF00I00",2024,203.388836166
"REGION1","SEHF00I00",2025,212.8952095776
"REGION1","SEHF00I00",2026,222.5862309816
"REGION1","SEHF00I00",2027,232.46452224
"REGION1","SEHF00I00",2028,242.5349751318
"REGION1","SEHF00I00",2029,252.7972242876
"REGION1","SEHF00I00",2030,263.254700286
"REGION1","SEHF00I00",2031,266.152276494
"REGION1","SEHF00I00",2032,269.078515776
"REGION1","SEHF00I00",2033,272.0386296
"REGION1","SEHF00I00",2034,275.032617966
"REGION1","SEHF00I00",2035,278.05787514
"REGION1","SEHF00I00",2036,281.117006856
"REGION1","SEHF00I00",2037,284.20740738
"REGION1","SEHF00I00",2038,287.33428818
"REGION1","SEHF00I00",2039,290.495043522
"REGION1","SEHF00I00",2040,293.689673406
"REGION1","SEHF00I00",2041,296.920783566
"REGION1","SEHF00I00",2042,300.185768268
"REGION1","SEHF00I00",2043,303.48983898
"REGION1","SEHF00I00",2044,306.827784234
"REGION1","SEHF00I00",2045,310.202209764
"REGION1","SEHF00I00",2046,313.615721304
"REGION1","SEHF00I00",2047,317.06571312
"REGION1","SEHF00I00",2048,320.552185212
"REGION1","SEHF00I00",2049,324.077743314
"REGION1","SEHF00I00",2050,327.642387426
"REGION1","SEHF00I00",2051,331.246117548
"REGION1","SEHF00I00",2052,334.891539414
"REGION1","SEHF00I00",2053,338.57604729
"REGION1","SEHF00I00",2054,342.299641176
"REGION1","SEHF00I00",2055,346.064926806
"REGION1","SEHF00I00",2056,349.87190418
"REGION1","SEHF00I00",2057,353.720573298
"REGION1","SEHF00I00",2058,357.61093416
"REGION1","SEHF00I00",2059,361.5455925
"REGION1","SEHF00I00",2060,365.521942584
"REGION1","SEHYDMPH1",2015,0
"REGION1","SEHYDMPH1",2016,0
"REGION1","SEHYDMPH1",2017,0
"REGION1","SEHYDMPH1",2018,0
"REGION1","SEHYDMPH1",2019,0
"REGION1","SEHYDMPH1",2020,0
"REGION1","SEHYDMPH1",2021,0
"REGION1","SEHYDMPH1",2022,0
"REGION1","SEHYDMPH1",2023,0
"REGION1","SEHYDMPH1",2024,0
"REGION1","SEHYDMPH1",2025,0
"REGION1","SEHYDMPH1",2026,0
"REGION1","SEHYDMPH1",2027,0
"REGION1","SEHYDMPH1",2028,0
"REGION1","SEHYDMPH1",2029,0
"REGION1","SEHYDMPH1",2030,0
"REGION1","SEHYDMPH1",2031,0
"REGION1","SEHYDMPH1",2032,0
"REGION1","SEHYDMPH1",2033,0
"REGION1","SEHYDMPH1",2034,0
"REGION1","SEHYDMPH1",2035,0
"REGION1","SEHYDMPH1",2036,0
"REGION1","SEHYDMPH1",2037,0
"REGION1","SEHYDMPH1",2038,0
"REGION1","SEHYDMPH1",2039,0
"REGION1","SEHYDMPH1",2040,0
"REGION1","SEHYDMPH1",2041,0
"REGION1","SEHYDMPH1",2042,0
"REGION1","SEHYDMPH1",2043,0
"REGION1","SEHYDMPH1",2044,0
"REGION1","SEHYDMPH1",2045,0
"REGION1","SEHYDMPH1",2046,0
"REGION1","SEHYDMPH1",2047,0
"REGION1","SEHYDMPH1",2048,0
"REGION1","SEHYDMPH1",2049,0
"REGION1","SEHYDMPH1",2050,0
"REGION1","SEHYDMPH1",2051,0
"REGION1","SEHYDMPH1",2052,0
"REGION1","SEHYDMPH1",2053,0
"REGION1","SEHYDMPH1",2054,0
"REGION1","SEHYDMPH1",2055,0
"REGION1","SEHYDMPH1",2056,0
"REGION1","SEHYDMPH1",2057,0
"REGION1","SEHYDMPH1",2058,0
"REGION1","SEHYDMPH1",2059,0
"REGION1","SEHYDMPH1",2060,0
"REGION1","SEHYDMPH2",2015,0
"REGION1","SEHYDMPH2",2016,0
"REGION1","SEHYDMPH2",2017,0
"REGION1","SEHYDMPH2",2018,0
"REGION1","SEHYDMPH2",2019,0
"REGION1","SEHYDMPH2",2020,0
"REGION1","SEHYDMPH2",2021,0
"REGION1","SEHYDMPH2",2022,0
"REGION1","SEHYDMPH2",2023,0
"REGION1","SEHYDMPH2",2024,0
"REGION1","SEHYDMPH2",2025,0
"REGION1","SEHYDMPH2",2026,0
"REGION1","SEHYDMPH2",2027,0
"REGION1","SEHYDMPH2",2028,0
"REGION1","SEHYDMPH2",2029,0
"REGION1","SEHYDMPH2",2030,0
"REGION1","SEHYDMPH2",2031,0
"REGION1","SEHYDMPH2",2032,0
"REGION1","SEHYDMPH2",2033,0
"REGION1","SEHYDMPH2",2034,0
"REGION1","SEHYDMPH2",2035,0
"REGION1","SEHYDMPH2",2036,0
"REGION1","SEHYDMPH2",2037,0
"REGION1","SEHYDMPH2",2038,0
"REGION1","SEHYDMPH2",2039,0
"REGION1","SEHYDMPH2",2040,0
"REGION1","SEHYDMPH2",2041,0
"REGION1","SEHYDMPH2",2042,0
"REGION1","SEHYDMPH2",2043,0
"REGION1","SEHYDMPH2",2044,0
"REGION1","SEHYDMPH2",2045,0
"REGION1","SEHYDMPH2",2046,0
"REGION1","SEHYDMPH2",2047,0
"REGION1","SEHYDMPH2",2048,0
"REGION1","SEHYDMPH2",2049,0
"REGION1","SEHYDMPH2",2050,0
"REGION1","SEHYDMPH2",2051,0
"REGION1","SEHYDMPH2",2052,0
"REGION1","SEHYDMPH2",2053,0
"REGION1","SEHYDMPH2",2054,0
"REGION1","SEHYDMPH2",2055,0
"REGION1","SEHYDMPH2",2056,0
"REGION1","SEHYDMPH2",2057,0
"REGION1","SEHYDMPH2",2058,0
"REGION1","SEHYDMPH2",2059,0
"REGION1","SEHYDMPH2",2060,0
"REGION1","SEHYDMPH3",2015,0
"REGION1","SEHYDMPH3",2016,0
"REGION1","SEHYDMPH3",2017,0
"REGION1","SEHYDMPH3",2018,0
"REGION1","SEHYDMPH3",2019,0
"REGION1","SEHYDMPH3",2020,0
"REGION1","SEHYDMPH3",2021,0
"REGION1","SEHYDMPH3",2022,0
"REGION1","SEHYDMPH3",2023,0
"REGION1","SEHYDMPH3",2024,0
"REGION1","SEHYDMPH3",2025,0
"REGION1","SEHYDMPH3",2026,0
"REGION1","SEHYDMPH3",2027,0
"REGION1","SEHYDMPH3",2028,0
"REGION1","SEHYDMPH3",2029,0
"REGION1","SEHYDMPH3",2030,0
"REGION1","SEHYDMPH3",2031,0
"REGION1","SEHYDMPH3",2032,0
"REGION1","SEHYDMPH3",2033,0
"REGION1","SEHYDMPH3",2034,0
"REGION1","SEHYDMPH3",2035,0
"REGION1","SEHYDMPH3",2036,0
"REGION1","SEHYDMPH3",2037,0
"REGION1","SEHYDMPH3",2038,0
"REGION1","SEHYDMPH3",2039,0
"REGION1","SEHYDMPH3",2040,0
"REGION1","SEHYDMPH3",2041,0
"REGION1","SEHYDMPH3",2042,0
"REGION1","SEHYDMPH3",2043,0
"REGION1","SEHYDMPH3",2044,0
"REGION1","SEHYDMPH3",2045,0
"REGION1","SEHYDMPH3",2046,0
"REGION1","SEHYDMPH3",2047,0
"REGION1","SEHYDMPH3",2048,0
"REGION1","SEHYDMPH3",2049,0
"REGION1","SEHYDMPH3",2050,0
"REGION1","SEHYDMPH3",2051,0
"REGION1","SEHYDMPH3",2052,0
"REGION1","SEHYDMPH3",2053,0
"REGION1","SEHYDMPH3",2054,0
"REGION1","SEHYDMPH3",2055,0
"REGION1","SEHYDMPH3",2056,0
"REGION1","SEHYDMPH3",2057,0
"REGION1","SEHYDMPH3",2058,0
"REGION1","SEHYDMPH3",2059,0
"REGION1","SEHYDMPH3",2060,0
"REGION1","SEHYDSPH2",2015,0
"REGION1","SEHYDSPH2",2016,0
"REGION1","SEHYDSPH2",2017,0
"REGION1","SEHYDSPH2",2018,0
"REGION1","SEHYDSPH2",2019,0
"REGION1","SEHYDSPH2",2020,0
"REGION1","SEHYDSPH2",2021,0
"REGION1","SEHYDSPH2",2022,0
"REGION1","SEHYDSPH2",2023,0
"REGION1","SEHYDSPH2",2024,0
"REGION1","SEHYDSPH2",2025,0
"REGION1","SEHYDSPH2",2026,0
"REGION1","SEHYDSPH2",2027,0
"REGION1","SEHYDSPH2",2028,0
"REGION1","SEHYDSPH2",2029,0
"REGION1","SEHYDSPH2",2030,0
"REGION1","SEHYDSPH2",2031,0
"REGION1","SEHYDSPH2",2032,0
"REGION1","SEHYDSPH2",2033,0
"REGION1","SEHYDSPH2",2034,0
"REGION1","SEHYDSPH2",2035,0
"REGION1","SEHYDSPH2",2036,0
"REGION1","SEHYDSPH2",2037,0
"REGION1","SEHYDSPH2",2038,0
"REGION1","SEHYDSPH2",2039,0
"REGION1","SEHYDSPH2",2040,0
"REGION1","SEHYDSPH2",2041,0
"REGION1","SEHYDSPH2",2042,0
"REGION1","SEHYDSPH2",2043,0
"REGION1","SEHYDSPH2",2044,0
"REGION1","SEHYDSPH2",2045,0
"REGION1","SEHYDSPH2",2046,0
"REGION1","SEHYDSPH2",2047,0
"REGION1","SEHYDSPH2",2048,0
"REGION1","SEHYDSPH2",2049,0
"REGION1","SEHYDSPH2",2050,0
"REGION1","SEHYDSPH2",2051,0
"REGION1","SEHYDSPH2",2052,0
"REGION1","SEHYDSPH2",2053,0
"REGION1","SEHYDSPH2",2054,0
"REGION1","SEHYDSPH2",2055,0
"REGION1","SEHYDSPH2",2056,0
"REGION1","SEHYDSPH2",2057,0
"REGION1","SEHYDSPH2",2058,0
"REGION1","SEHYDSPH2",2059,0
"REGION1","SEHYDSPH2",2060,0
"REGION1","SEHYDSPH3",2015,0
"REGION1","SEHYDSPH3",2016,0
"REGION1","SEHYDSPH3",2017,0
"REGION1","SEHYDSPH3",2018,0
"REGION1","SEHYDSPH3",2019,0
"REGION1","SEHYDSPH3",2020,0
"REGION1","SEHYDSPH3",2021,0
"REGION1","SEHYDSPH3",2022,0
"REGION1","SEHYDSPH3",2023,0
"REGION1","SEHYDSPH3",2024,0
"REGION1","SEHYDSPH3",2025,0
"REGION1","SEHYDSPH3",2026,0
"REGION1","SEHYDSPH3",2027,0
"REGION1","SEHYDSPH3",2028,0
"REGION1","SEHYDSPH3",2029,0
"REGION1","SEHYDSPH3",2030,0
"REGION1","SEHYDSPH3",2031,0
"REGION1","SEHYDSPH3",2032,0
"REGION1","SEHYDSPH3",2033,0
"REGION1","SEHYDSPH3",2034,0
"REGION1","SEHYDSPH3",2035,0
"REGION1","SEHYDSPH3",2036,0
"REGION1","SEHYDSPH3",2037,0
"REGION1","SEHYDSPH3",2038,0
"REGION1","SEHYDSPH3",2039,0
"REGION1","SEHYDSPH3",2040,0
"REGION1","SEHYDSPH3",2041,0
"REGION1","SEHYDSPH3",2042,0
"REGION1","SEHYDSPH3",2043,0
"REGION1","SEHYDSPH3",2044,0
"REGION1","SEHYDSPH3",2045,0
"REGION1","SEHYDSPH3",2046,0
"REGION1","SEHYDSPH3",2047,0
"REGION1","SEHYDSPH3",2048,0
"REGION1","SEHYDSPH3",2049,0
"REGION1","SEHYDSPH3",2050,0
"REGION1","SEHYDSPH3",2051,0
"REGION1","SEHYDSPH3",2052,0
"REGION1","SEHYDSPH3",2053,0
"REGION1","SEHYDSPH3",2054,0
"REGION1","SEHYDSPH3",2055,0
"REGION1","SENG00I00",2015,29.595649962816
"REGION1","SENG00I00",2016,30.225315915648
"REGION1","SENG00I00",2017,30.855030089184
"REGION1","SENG00I00",2018,31.484696042016
"REGION1","SENG00I00",2019,32.114410215552
"REGION1","SENG00I00",2020,32.744124389088
"REGION1","SENG00I00",2021,33.7699715996787
"REGION1","SENG00I00",2022,34.7779743731169
"REGION1","SENG00I00",2023,35.7859731440616
"REGION1","SENG00I00",2024,36.774169725888
"REGION1","SENG00I00",2025,50.1758605432321
"REGION1","SENG00I00",2026,93.9735098026874
"REGION1","SENG00I00",2027,96.4144105308212
"REGION1","SENG00I00",2028,98.8551944359087
"REGION1","SENG00I00",2029,110.445229530457
"REGION1","SENG00I00",2030,133.672897338212
"REGION1","SENG00I00",2031,202.619701847154
"REGION1","SENG00I00",2032,202.619701847154
"REGION1","SENG00I00",2033,202.619701847154
"REGION1","SENG00I00",2034,198.8201503904
"REGION1","SENG00I00",2035,198.8201503904
"REGION1","SENG00I00",2036,198.8201503904
"REGION1","SENG00I00",2037,198.8201503904
"REGION1","SENG00I00",2038,198.8201503904
"REGION1","SENG00I00",2039,198.8201503904
"REGION1","SENG00I00",2040,198.8201503904
"REGION1","SENG00I00",2041,198.8201503904
"REGION1","SENG00I00",2042,198.8201503904
"REGION1","SENG00I00",2043,198.8201503904
"REGION1","SENG00I00",2044,198.8201503904
"REGION1","SENG00I00",2045,198.8201503904
"REGION1","SENG00I00",2046,198.8201503904
"REGION1","SENG00I00",2047,198.8201503904
"REGION1","SENG00I00",2048,198.8201503904
"REGION1","SENG00I00",2049,198.8201503904
"REGION1","SENG00I00",2050,198.8201503904
"REGION1","SENG00I00",2051,198.8201503904
"REGION1","SENG00I00",2052,198.8201503904
"REGION1","SENG00I00",2053,198.8201503904
"REGION1","SENG00I00",2054,198.8201503904
"REGION1","SENG00I00",2055,198.8201503904
"REGION1","SENG00I00",2056,198.8201503904
"REGION1","SENG00I00",2057,198.8201503904
"REGION1","SENG00I00",2058,198.8201503904
"REGION1","SENG00I00",2059,198.8201503904
"REGION1","SENG00I00",2060,198.8201503904
"REGION1","SENGCHPH3",2030,0.000623391874730492
"REGION1","SENGCHPH3",2031,0.000439934811024384
"REGION1","SENGCHPH3",2032,0.000439934811024384
"REGION1","SENGCHPH3",2033,0.000439934811024384
"REGION1","SENGFCFH1",2021,8.68730247026035e-05
"REGION1","SENGFCFH1",2022,8.11764329188262e-05
"REGION1","SENGFCFH1",2023,7.5479841135049e-05
"REGION1","SENUG2PH3",2015,2.55307313319914
"REGION1","SENUG2PH3",2016,2.67106467837621
"REGION1","SENUG2PH3",2017,2.78326471523713
"REGION1","SENUG2PH3",2018,2.94593218671128
"REGION1","SENUG2PH3",2019,3.03625192868051
"REGION1","SENUG2PH3",2020,2.72674750327751
"REGION1","SENUG2PH3",2021,2.72674750327751
"REGION1","SENUG2PH3",2022,2.56050713504795
"REGION1","SENUG2PH3",2023,2.56050713504795
"REGION1","SENUG2PH3",2024,2.3371638761054
"REGION1","SENUG2PH3",2025,2.3371638761054
"REGION1","SENUG2PH3",2026,2.3371638761054
"REGION1","SENUG2PH3",2027,2.3371638761054
"REGION1","SENUG2PH3",2028,2.3371638761054
"REGION1","SENUG2PH3",2029,2.3371638761054
"REGION1","SENUG2PH3",2030,2.3371638761054
"REGION1","SENUG2PH3",2031,2.3371638761054
"REGION1","SENUG2PH3",2032,2.3371638761054
"REGION1","SENUG2PH3",2033,2.3371638761054
"REGION1","SENUG2PH3",2034,2.3371638761054
"REGION1","SENUG2PH3",2035,1.84722783152641
"REGION1","SENUG2PH3",2036,1.84722783152641
"REGION1","SENUG2PH3",2037,1.84722783152641
"REGION1","SENUG2PH3",2038,1.84722783152641
"REGION1","SENUG2PH3",2039,1.84722783152641
"REGION1","SENUG2PH3",2040,1.49920429641169
"REGION1","SENUG2PH3",2041,0.736931388432249
"REGION1","SENUG2PH3",2042,0.73693138843225
"REGION1","SENUG2PH3",2043,0.40546431275502
"REGION1","SENUG2PH3",2044,0.40546431275502
"REGION1","SEOCWVPH1",2015,0
"REGION1","SEOCWVPH1",2016,0
"REGION1","SEOCWVPH1",2017,0
"REGION1","SEOCWVPH1",2018,0
"REGION1","SEOCWVPH1",2019,0
"REGION1","SEOCWVPH1",2020,0
"REGION1","SEOCWVPH1",2021,0
"REGION1","SEOCWVPH1",2022,0
"REGION1","SEOCWVPH1",2023,0
"REGION1","SEOCWVPH1",2024,0
"REGION1","SEOCWVPH1",2025,0
"REGION1","SEOCWVPH1",2026,0
"REGION1","SEOCWVPH1",2027,0
"REGION1","SEOCWVPH1",2028,0
"REGION1","SEOCWVPH1",2029,0
"REGION1","SEOCWVPH1",2030,0
"REGION1","SEOCWVPH1",2031,0
"REGION1","SEOCWVPH1",2032,0
"REGION1","SEOCWVPH1",2033,0
"REGION1","SEOCWVPH1",2034,0
"REGION1","SEOCWVPH1",2035,0
"REGION1","SEOCWVPH1",2036,0
"REGION1","SEOCWVPH1",2037,0
"REGION1","SEOCWVPH1",2038,0
"REGION1","SEOCWVPH1",2039,0
"REGION1","SESODIFH1",2015,0
"REGION1","SESODIFH1",2016,0
"REGION1","SESODIFH1",2017,0
"REGION1","SESODIFH1",2018,0
"REGION1","SESODIFH1",2019,0
"REGION1","SESODIFH1",2020,0
"REGION1","SESODIFH1",2021,0
"REGION1","SESODIFH1",2022,0
"REGION1","SESODIFH1",2023,0
"REGION1","SESODIFH1",2024,0
"REGION1","SESODIFH1",2025,0
"REGION1","SESODIFH1",2026,0
"REGION1","SESODIFH1",2027,0
"REGION1","SESODIFH1",2028,0
"REGION1","SESODIFH1",2029,0
"REGION1","SESODIFH1",2030,0
"REGION1","SESODIFH1",2031,0
"REGION1","SESODIFH1",2032,0
"REGION1","SESODIFH1",2033,0
"REGION1","SESODIFH1",2034,0
"REGION1","SESODIFH1",2035,0
"REGION1","SESODIFH1",2036,0
"REGION1","SESOUTPH2",2015,0
"REGION1","SESOUTPH2",2016,0
"REGION1","SESOUTPH2",2017,0
"REGION1","SESOUTPH2",2018,0
"REGION1","SESOUTPH2",2019,0
"REGION1","SESOUTPH2",2020,0
"REGION1","SESOUTPH2",2021,0
"REGION1","SESOUTPH2",2022,0
"REGION1","SESOUTPH2",2023,0
"REGION1","SESOUTPH2",2024,0
"REGION1","SESOUTPH2",2025,0
"REGION1","SESOUTPH2",2026,0
"REGION1","SESOUTPH2",2027,0
"REGION1","SESOUTPH2",2028,0
"REGION1","SESOUTPH2",2029,0
"REGION1","SESOUTPH2",2030,0
"REGION1","SESOUTPH2",2031,0
"REGION1","SESOUTPH2",2032,0
"REGION1","SESOUTPH2",2033,0
"REGION1","SESOUTPH2",2034,0
"REGION1","SESOUTPH2",2035,0
"REGION1","SESOUTPH2",2036,0
"REGION1","SESOUTPH2",2037,0
"REGION1","SESOUTPH2",2038,0
"REGION1","SESOUTPH2",2039,0
"REGION1","SEUR00I00",2015,752.070499968132
"REGION1","SEUR00I00",2016,786.827812330013
"REGION1","SEUR00I00",2017,819.879093439496
"REGION1","SEUR00I00",2018,867.796798972208
"REGION1","SEUR00I00",2019,894.402700940507
"REGION1","SEUR00I00",2020,803.230558267293
"REGION1","SEUR00I00",2021,803.230558267293
"REGION1","SEUR00I00",2022,754.260368097837
"REGION1","SEUR00I00",2023,754.260368097837
"REGION1","SEUR00I00",2024,688.469116670987
"REGION1","SEUR00I00",2025,688.469116670987
"REGION1","SEUR00I00",2026,688.469116670987
"REGION1","SEUR00I00",2027,688.469116670987
"REGION1","SEUR00I00",2028,688.469116670987
"REGION1","SEUR00I00",2029,688.469116670987
"REGION1","SEUR00I00",2030,688.469116670987
"REGION1","SEUR00I00",2031,688.469116670987
"REGION1","SEUR00I00",2032,688.469116670987
"REGION1","SEUR00I00",2033,688.469116670987
"REGION1","SEUR00I00",2034,688.469116670987
"REGION1","SEUR00I00",2035,544.14640174068
"REGION1","SEUR00I00",2036,544.14640174068
"REGION1","SEUR00I00",2037,544.14640174068
"REGION1","SEUR00I00",2038,544.14640174068
"REGION1","SEUR00I00",2039,544.14640174068
"REGION1","SEUR00I00",2040,441.627507686739
"REGION1","SEUR00I00",2041,217.081269836551
"REGION1","SEUR00I00",2042,217.081269836551
"REGION1","SEUR00I00",2043,119.439488218185
"REGION1","SEUR00I00",2044,119.439488218185
"REGION1","SEWIOFPH3",2015,0
"REGION1","SEWIOFPH3",2016,0
"REGION1","SEWIOFPH3",2017,0
"REGION1","SEWIOFPH3",2018,0
"REGION1","SEWIOFPH3",2019,0
"REGION1","SEWIOFPH3",2020,0
"REGION1","SEWIOFPH3",2021,0
"REGION1","SEWIOFPH3",2022,0
"REGION1","SEWIOFPH3",2023,0
"REGION1","SEWIOFPH3",2024,0
"REGION1","SEWIOFPH3",2025,0
"REGION1","SEWIOFPH3",2026,0
"REGION1","SEWIOFPH3",2027,0
"REGION1","SEWIOFPH3",2028,0
"REGION1","SEWIOFPH3",2029,0
"REGION1","SEWIOFPH3",2030,0
"REGION1","SEWIOFPH3",2031,0
"REGION1","SEWIOFPH3",2032,0
"REGION1","SEWIOFPH3",2033,0
"REGION1","SEWIOFPH3",2034,0
"REGION1","SEWIOFPH3",2035,0
"REGION1","SEWIOFPH3",2036,0
"REGION1","SEWIOFPH3",2037,0
"REGION1","SEWIONPH3",2015,0
"REGION1","SEWIONPH3",2016,0
"REGION1","SEWIONPH3",2017,0
"REGION1","SEWIONPH3",2018,0
"REGION1","SEWIONPH3",2019,0
"REGION1","SEWIONPH3",2020,0
"REGION1","SEWIONPH3",2021,0
"REGION1","SEWIONPH3",2022,0
"REGION1","SEWIONPH3",2023,0
"REGION1","SEWIONPH3",2024,0
"REGION1","SEWIONPH3",2025,0
"REGION1","SEWIONPH3",2026,0
"REGION1","SEWIONPH3",2027,0
"REGION1","SEWIONPH3",2028,0
"REGION1","SEWIONPH3",2029,0
"REGION1","SEWIONPH3",2030,0
"REGION1","SEWIONPH3",2031,0
"REGION1","SEWIONPH3",2032,0
"REGION1","SEWIONPH3",2033,0
"REGION1","SEWIONPH3",2034,0
"REGION1","SEWIONPH3",2035,0
"REGION1","SEWIONPH3",2036,0
"REGION1","SEWIONPH3",2037,0
"REGION1","SEWIONPH3",2038,0
"REGION1","SEWIONPN3",2015,0
"REGION1","SEWIONPN3",2016,0
"REGION1","SEWIONPN3",2017,0
"REGION1","SEWIONPN3",2018,0
"REGION1","SEWIONPN3",2019,0
"REGION1","SEWIONPN3",2020,0
"REGION1","SEWIONPN3",2021,0
"REGION1","SEWIONPN3",2022,0
"REGION1","SEWIONPN3",2023,0
"REGION1","SEWIONPN3",2024,0
"REGION1","SEWIONPN3",2025,0
"REGION1","SEWIONPN3",2026,0
"REGION1","SEWIONPN3",2027,0
"REGION1","SEWIONPN3",2028,0
"REGION1","SEWIONPN3",2029,0
"REGION1","SEWIONPN3",2030,0
"REGION1","SEWIONPN3",2031,0
"REGION1","SEWIONPN3",2032,0
"REGION1","SEWIONPN3",2033,0
"REGION1","SEWIONPN3",2034,0
"REGION1","SEWIONPN3",2035,0
"REGION1","SEWIONPN3",2036,0
"REGION1","SEWIONPN3",2037,0
"REGION1","SEWIONPN3",2038,0
"REGION1","SEWIONPN3",2039,0
"REGION1","SEWIONPN3",2040,0
"REGION1","SEWIONPN3",2041,0
"REGION1","SEWIONPN3",2042,0
"REGION1","SEWIONPN3",2043,0
"REGION1","SEWIONPN3",2044,0
"REGION1","SEWIONPN3",2045,0
"REGION1","SEWIONPN3",2046,0
"REGION1","SEWIONPN3",2047,0
"REGION1","SEWIONPN3",2048,0
"REGION1","SEWIONPN3",2049,0
"REGION1","SEWIONPN3",2050,0
"REGION1","SEWIONPN3",2051,0
"REGION1","SEWIONPN3",2052,0
"REGION1","SEWIONPN3",2053,0
"REGION1","SEWIONPN3",2054,0
"REGION1","SEWIONPN3",2055,0
"REGION1","SEWIONPN3",2056,0
"REGION1","SEWIONPN3",2057,0
"REGION1","SEWIONPN3",2058,0
"REGION1","SEWIONPN3",2059,0
"REGION1","SEWIONPN3",2060,0
"REGION1","SEWS00X00",2015,0
"REGION1","SEWS00X00",2016,0
"REGION1","SEWS00X00",2017,0
"REGION1","SEWS00X00",2018,0
"REGION1","SEWS00X00",2019,0
"REGION1","SEWS00X00",2020,0
"REGION1","SEWS00X00",2021,0
"REGION1","SEWS00X00",2022,0
"REGION1","SEWS00X00",2023,0
"REGION1","SEWS00X00",2024,0
"REGION1","SEWS00X00",2025,0
"REGION1","SEWS00X00",2026,0
"REGION1","SEWS00X00",2027,0
"REGION1","SEWS00X00",2028,0
"REGION1","SEWS00X00",2029,0
"REGION1","SEWS00X00",2030,0
"REGION1","SEWS00X00",2031,0
"REGION1","SEWS00X00",2032,0
"REGION1","SEWS00X00",2033,0
"REGION1","SEWS00X00",2034,0
"REGION1","SEWS00X00",2035,0
"REGION1","SEWS00X00",2036,0
"REGION1","SEWS00X00",2037,0
"REGION1","SEWS00X00",2038,0
"REGION1","SEWS00X00",2039,0
"REGION1","SEWS00X00",2040,0
"REGION1","SEWS00X00",2041,0
"REGION1","SEWS00X00",2042,0
"REGION1","SEWS00X00",2043,0
"REGION1","SEWS00X00",2044,0
"REGION1","SEWS00X00",2045,0
"REGION1","SEWS00X00",2046,0
"REGION1","SEWS00X00",2047,0
"REGION1","SEWS00X00",2048,0
"REGION1","SEWS00X00",2049,0
"REGION1","SEWS00X00",2050,0
"REGION1","SEWS00X00",2051,0
"REGION1","SEWS00X00",2052,0
"REGION1","SEWS00X00",2053,0
"REGION1","SEWS00X00",2054,0
"REGION1","SEWS00X00",2055,0
"REGION1","SEWS00X00",2056,0
"REGION1","SEWS00X00",2057,0
"REGION1","SEWS00X00",2058,0
"REGION1","SEWS00X00",2059,0
"REGION1","SEWS00X00",2060,0
"REGION1","SEWSCHPH2",2015,0.069814249141505
"REGION1","SEWSCHPH2",2016,0.069814249141505
"REGION1","SEWSCHPH2",2017,0.069814249141505
"REGION1","SEWSCHPH2",2018,0.069814249141505
"REGION1","SEWSCHPH2",2019,0.069814249141505
"REGION1","SEWSCHPH2",2020,0.0698142491415049
"REGION1","SEWSCHPH2",2021,0.0644874382320495
"REGION1","SEWSCHPH2",2022,0.0623567138682673
"REGION1","SEWSCHPH2",2023,0.0623567138682673
"REGION1","SEWSCHPH2",2024,0.0566747822315149
"REGION1","SEWSCHPH2",2025,0.0444053611034025
"REGION1","SEWSCHPH2",2026,0.0444053611034025
"REGION1","SEWSCHPH2",2027,0.0444053611034025
"REGION1","SEWSCHPH2",2028,0.0363441205937599
"REGION1","SEWSCHPH2",2029,0.031194870047953
"REGION1","SEWSCHPH2",2030,0.0301028738115146
"REGION1","SEWSCHPH2",2031,0.0238882610838166
"REGION1","SEWSCHPH2",2032,0.0238882610838166
"REGION1","SEWSCHPH2",2033,0.0224677781746285
"REGION1","SEWSCHPH2",2034,0.0208278306559708
"REGION1","SEWSCHPH2",2035,0.0170457949102574
"REGION1","SEWSCHPH2",2036,0.0170457949102574
"REGION1","SEWSCHPH2",2037,0.0138758354759233
"REGION1","SEWSCHPH2",2038,0.00994338036431683
"REGION1","SEWSSTPH1",2015,0.000323114828414734
"REGION1","SEWSSTPH1",2016,0.000323114828414734
"REGION1","SEWSSTPH1",2017,0.000323114828414734
"REGION1","SEWSSTPH1",2018,0.000323114828414734
"REGION1","SEWSSTPH1",2019,0.000323114828414734
"REGION1","SEWSSTPH1",2020,0.000323114828414734
"REGION1","SEWSSTPH1",2021,0.000323114828414734
"REGION1","SEWSSTPH1",2022,0.000323114828414734
"REGION1","SEWSSTPH1",2023,0.000323114828414734
"REGION1","SEWSSTPH1",2024,0.0684174235644162
"REGION1","SEWSSTPH1",2025,0.0923794813514535
"REGION1","SEWSSTPH1",2026,0.117453443287548
"REGION1","SEWSSTPH1",2027,0.133997182107438
"REGION1","SEWSSTPH1",2028,0.152621766400912
"REGION1","SEWSSTPH1",2029,0.185346301157946
"REGION1","SEWSSTPH1",2030,0.19617816230593
"REGION1","SEWSSTPH1",2031,0.19617816230593
"REGION1","SEWSSTPH1",2032,0.19617816230593
"REGION1","SEWSSTPH1",2033,0.19617816230593
"REGION1","SEWSSTPH1",2034,0.19617816230593
"REGION1","SEWSSTPH1",2035,0.19617816230593
"REGION1","SEWSSTPH1",2036,0.19617816230593
"REGION1","SEWSSTPH1",2037,0.19617816230593
"REGION1","SEWSSTPH1",2038,0.195855047477515
"REGION1","SEWSSTPH1",2039,0.195855047477515
"REGION1","SEWSSTPH1",2040,0.195855047477515
"REGION1","SEWSSTPH1",2041,0.195102064159175
"REGION1","SEWSSTPH1",2042,0.194031707187317
"REGION1","SEWSSTPH1",2043,0.192962706814917
"REGION1","SEWSSTPH1",2044,0.19189234984306
"REGION1","SEWSSTPH1",2045,0.19082334947066
"REGION1","SEWSSTPH1",2046,0.188376044049582
"REGION1","SEWSSTPH1",2047,0.185928738628505
"REGION1","SEWSSTPH1",2048,0.183481433207426
"REGION1","SEWSSTPH1",2049,0.181034127786349
"REGION1","SEWSSTPH1",2050,0.178586822365271
"REGION1","SEWSSTPH1",2051,0.175550752779699
"REGION1","SEWSSTPH1",2052,0.172566233973506
"REGION1","SEWSSTPH1",2053,0.169633265946694
"REGION1","SEWSSTPH1",2054,0.166749135500346
"REGION1","SEWSSTPH1",2055,0.163913842634463
"REGION1","SEWSSTPH1",2056,0.160800446879821
"REGION1","SEWSSTPH1",2057,0.157745384901846
"REGION1","SEWSSTPH1",2058,0.15474730010108
"REGION1","SEWSSTPH1",2059,0.15180754907698
"REGION1","SEWSSTPH1",2060,0.148923418630633
"REGION1","SEstCO001",2015,709.128
"REGION1","SEstCO001",2016,709.128
"REGION1","SEstCO001",2017,709.128
"REGION1","SEstCO001",2018,709.128
"REGION1","SEstCO001",2019,709.128
"REGION1","SEstCO001",2020,709.128
"REGION1","SEstCO001",2021,709.128
"REGION1","SEstCO001",2022,709.128
"REGION1","SEstCO001",2023,709.128
"REGION1","SEstCO001",2024,709.128
"REGION1","SEstCO001",2025,645.276029959228
"REGION1","SEstCO001",2026,432.21616856424
"REGION1","SEstCO001",2027,432.21616856424
"REGION1","SEstCO001",2028,432.21616856424
"REGION1","SEstCO001",2029,389.625113710067
"REGION1","SEstCO001",2030,320.611454193484
"REGION1","SEstEA004",2025,60.6002493442508
"REGION1","SEstEA004",2026,262.80984002005
"REGION1","SEstEA004",2027,262.80984002005
"REGION1","SEstEA004",2028,262.80984002005
"REGION1","SEstEA004",2029,303.231905969613
"REGION1","SEstEA004",2030,368.730980973777
"REGION1","SEstEA004",2031,673.015
"REGION1","SEstEA004",2032,673.015
"REGION1","SEstEA004",2033,673.015
"REGION1","SEstEA004",2034,673.015
"REGION1","SEstEA004",2035,673.015
"REGION1","SEstEA004",2036,673.015
"REGION1","SEstEA004",2037,673.015000000001
"REGION1","SEstEA004",2038,673.015
"REGION1","SEstEA004",2039,673.015
"REGION1","SEstEA004",2040,673.015
"REGION1","SEstEA004",2041,673.015
"REGION1","SEstEA004",2042,673.015
"REGION1","SEstEA004",2043,673.015
"REGION1","SEstEA004",2044,673.015
"REGION1","SEstEA004",2045,673.015
"REGION1","SEstEA004",2046,673.015
"REGION1","SEstEA004",2047,673.015
"REGION1","SEstEA004",2048,673.015
"REGION1","SEstEA004",2049,673.015
"REGION1","SEstEA004",2050,673.015
"REGION1","SEstEA004",2051,673.015
"REGION1","SEstEA004",2052,673.015
"REGION1","SEstEA004",2053,673.015
"REGION1","SEstEA004",2054,673.015
"REGION1","SEstEA004",2055,673.015
"REGION1","SEstEA004",2056,673.015
"REGION1","SEstEA004",2057,673.015
"REGION1","SEstEA004",2058,673.015
"REGION1","SEstEA004",2059,673.015
"REGION1","SEstEA004",2060,673.015
"REGION1","SECK00X00",2015,91.32782007042
"REGION1","SECK00X00",2016,94.216966073316
"REGION1","SECK00X00",2017,97.107493441428
"REGION1","SECK00X00",2018,99.999052610832
"REGION1","SECK00X00",2019,102.892342625208
"REGION1","SECK00X00",2020,105.7870140048
"REGION1","SECK00X00",2021,108.515154864168
"REGION1","SECK00X00",2022,111.244246386876
"REGION1","SECK00X00",2023,113.974988289948
"REGION1","SECK00X00",2024,116.707030756956
"REGION1","SECK00X00",2025,109.148776225875
"REGION1","SECK00X00",2026,76.5329334416752
"REGION1","SECK00X00",2027,78.2580011837529
"REGION1","SECK00X00",2028,79.9841499250029
"REGION1","SECK00X00",2029,74.2253676320589
"REGION1","SECK00X00",2030,63.416030434076
"REGION1","SECK00X00",2031,5.92204712133594
"REGION1","SECK00X00",2032,5.954008825152
"REGION1","SECK00X00",2033,5.985970528968
"REGION1","SECK00X00",2034,6.017932232784
"REGION1","SECK00X00",2035,6.0498939366
"REGION1","SECK00X00",2036,6.081855640416
"REGION1","SECK00X00",2037,6.113817344232
"REGION1","SECK00X00",2038,6.113817344232
"REGION1","SECK00X00",2039,6.113817344232
"REGION1","SECK00X00",2040,6.1486168379116
"REGION1","SECK00X00",2041,6.17997855046522
"REGION1","SECK00X00",2042,6.21194025428122
"REGION1","SECK00X00",2043,6.2445019493596
"REGION1","SECK00X00",2044,6.27586366191322
"REGION1","SECK00X00",2045,6.30842535699159
"REGION1","SECK00X00",2046,6.3403870608076
"REGION1","SECK00X00",2047,6.3723487646236
"REGION1","SECK00X00",2048,6.4043104684396
"REGION1","SECK00X00",2049,6.4362721722556
"REGION1","SECK00X00",2050,6.4682338760716
"REGION1","SECK00X00",2051,6.5001955798876
"REGION1","SECK00X00",2052,6.53215728370362
"REGION1","SECK00X00",2053,6.5641189875196
"REGION1","SECK00X00",2054,6.5960806913356
"REGION1","SECK00X00",2055,6.6280423951516
"REGION1","SECK00X00",2056,6.5960806913356
"REGION1","SECK00X00",2057,6.5641189875196
"REGION1","SECK00X00",2058,6.5321572837036
"REGION1","SECK00X00",2059,6.5001955798876
"REGION1","SECK00X00",2060,6.54199295489375
"REGION1","SEOI00I00",2015,18.891864176076
"REGION1","SEOI00I00",2016,19.506092893488
"REGION1","SEOI00I00",2017,20.121150608208
"REGION1","SEOI00I00",2018,20.73708006858
"REGION1","SEOI00I00",2019,21.353859907992
"REGION1","SEOI00I00",2020,21.97155440772
"REGION1","SEOI00I00",2021,22.89234879756
"REGION1","SEOI00I00",2022,23.8144199202
"REGION1","SEOI00I00",2023,24.73776777564
"REGION1","SEOI00I00",2024,25.6626072396
"REGION1","SEOI00I00",2025,24.4962214049774
"REGION1","SEOI00I00",2026,18.1320836806307
"REGION1","SEOI00I00",2027,18.7507213541054
"REGION1","SEOI00I00",2028,19.3707778592648
"REGION1","SEOI00I00",2029,18.4057349478705
"REGION1","SEOI00I00",2030,16.333035357004
"REGION1","SEOI00I00",2031,4.05556439759998
"REGION1","SEOI00I00",2032,4.0774525632
"REGION1","SEOI00I00",2033,4.0993407288
"REGION1","SEOI00I00",2034,4.1212288944
"REGION1","SEOI00I00",2035,4.14311706
"REGION1","SEOI00I00",2036,4.1650052256
"REGION1","SEOI00I00",2037,4.1868933912
"REGION1","SEOI00I00",2038,4.1868933912
"REGION1","SEOI00I00",2039,4.1868933912
"REGION1","SEOI00I00",2040,4.21072494551388
"REGION1","SEOI00I00",2041,4.23220222225186
"REGION1","SEOI00I00",2042,4.25409038785185
"REGION1","SEOI00I00",2043,4.27638944231388
"REGION1","SEOI00I00",2044,4.29786671905185
"REGION1","SEOI00I00",2045,4.32016577351388
"REGION1","SEOI00I00",2046,4.34205393911388
"REGION1","SEOI00I00",2047,4.36394210471388
"REGION1","SEOI00I00",2048,4.38583027031388
"REGION1","SEOI00I00",2049,4.40771843591388
"REGION1","SEOI00I00",2050,4.42960660151388
"REGION1","SEOI00I00",2051,4.45149476711388
"REGION1","SEOI00I00",2052,4.47338293271389
"REGION1","SEOI00I00",2053,4.49527109831388
"REGION1","SEOI00I00",2054,4.51715926391388
"REGION1","SEOI00I00",2055,4.53904742951388
"REGION1","SEOI00I00",2056,4.51715926391388
"REGION1","SEOI00I00",2057,4.49527109831388
"REGION1","SEOI00I00",2058,4.47338293271388
"REGION1","SEOI00I00",2059,4.45149476711389
"REGION1","SEOI00I00",2060,4.48011864370841
"REGION1","SEceCO001",2015,12.561
"REGION1","SEceCO001",2016,12.6352
"REGION1","SEceCO001",2017,12.7094
"REGION1","SEceCO001",2018,12.7836
"REGION1","SEceCO001",2019,12.8578000000001
"REGION1","SEceCO001",2020,12.932
"REGION1","SEceCO001",2021,13.0062
"REGION1","SEceCO001",2022,13.0804
"REGION1","SEceCO001",2023,13.1546
"REGION1","SEceCO001",2024,13.2288
"REGION1","SEceCO001",2025,13.303
"REGION1","SEceCO001",2026,13.3772
"REGION1","SEceCO001",2027,13.4514
"REGION1","SEceCO001",2028,13.5256
"REGION1","SEceCO001",2029,13.5998
"REGION1","SEceCO001",2030,13.674
"REGION1","SEceCO001",2031,13.7482
"REGION1","SEceCO001",2032,13.8224
"REGION1","SEceCO001",2033,13.8966
"REGION1","SEceCO001",2034,13.9708
"REGION1","SEceCO001",2035,14.045
"REGION1","SEceCO001",2036,14.1192
"REGION1","SEceCO001",2037,14.1934
"REGION1","SEceCO001",2038,14.1934
"REGION1","SEceCO001",2039,14.1934
"REGION1","SEceCO001",2040,14.2741880094845
"REGION1","SEceCO001",2041,14.3469951127877
"REGION1","SEceCO001",2042,14.4211951127877
"REGION1","SEceCO001",2043,14.4967880094844
"REGION1","SEceCO001",2044,14.5695951127877
"REGION1","SEceCO001",2045,14.6451880094844
"REGION1","SEceCO001",2046,14.7193880094845
"REGION1","SEceCO001",2047,14.7935880094845
"REGION1","SEceCO001",2048,14.8677880094845
"REGION1","SEceCO001",2049,14.9419880094845
"REGION1","SEceCO001",2050,15.0161880094845
"REGION1","SEceCO001",2051,15.0903880094845
"REGION1","SEceCO001",2052,15.1645880094845
"REGION1","SEceCO001",2053,15.2387880094845
"REGION1","SEceCO001",2054,15.3129880094845
"REGION1","SEceCO001",2055,15.3871880094845
"REGION1","SEceCO001",2056,15.3129880094845
"REGION1","SEceCO001",2057,15.2387880094845
"REGION1","SEceCO001",2058,15.1645880094845
"REGION1","SEceCO001",2059,15.0903880094845
"REGION1","SEceCO001",2060,15.187421798525
"REGION1","SEcePL003",2038,0.107800000000002
"REGION1","SEcePL003",2039,0.215599999999998
"REGION1","SEcePL003",2040,0.206028740937678
"REGION1","SEcePL003",2041,0.208052383308457
"REGION1","SEcePL003",2042,0.208052383308457
"REGION1","SEcePL003",2043,0.206028740937678
"REGION1","SEcePL003",2044,0.208052383308457
"REGION1","SEcePL003",2045,0.206028740937678
"REGION1","SEcePL003",2046,0.206028740937678
"REGION1","SEcePL003",2047,0.206028740937678
"REGION1","SEcePL003",2048,0.206028740937678
"REGION1","SEcePL003",2049,0.206028740937678
"REGION1","SEcePL003",2050,0.206028740937678
"REGION1","SEcePL003",2051,0.206028740937678
"REGION1","SEcePL003",2052,0.206028740937678
"REGION1","SEcePL003",2053,0.206028740937678
"REGION1","SEcePL003",2054,0.206028740937678
"REGION1","SEcePL003",2055,0.206028740937678
"REGION1","SEcePL003",2056,0.421628740937673
"REGION1","SEcePL003",2057,0.637228740937676
"REGION1","SEcePL003",2058,0.852828740937671
"REGION1","SEcePL003",2059,1.06842874093768
"REGION1","SEcePL003",2060,1.03525512289771
"REGION1","SEppCO001",2015,2192.415633
"REGION1","SEppCO001",2016,2251.162539
"REGION1","SEppCO001",2017,2311.481592
"REGION1","SEppCO001",2018,2373.417
"REGION1","SEppCO001",2019,2436.77787466902
"REGION1","SEppCO001",2020,2456.29621436501
"REGION1","SEppCO001",2021,2467.14184474165
"REGION1","SEppCO001",2022,2478.28807356406
"REGION1","SEppCO001",2023,2489.72395910727
"REGION1","SEppCO001",2024,2501.46921917279
"REGION1","SEppCO001",2025,2530.22376017279
"REGION1","SEppCO001",2026,2559.29604617279
"REGION1","SEppCO001",2027,2588.68607717279
"REGION1","SEppCO001",2028,2618.39937917279
"REGION1","SEppCO001",2029,2648.44147817279
"REGION1","SEppCO001",2030,2678.80132217279
"REGION1","SEppCO001",2031,2709.52588217279
"REGION1","SEppCO001",2032,2740.55437217279
"REGION1","SEppCO001",2033,2771.94205217279
"REGION1","SEppCO001",2034,2803.68892217279
"REGION1","SEppCO001",2035,2835.76735217279
"REGION1","SEppCO001",2036,2856.23617844479
"REGION1","SEppCO001",2037,2856.23617844479
"REGION1","SEppCO001",2038,2856.23617844479
"REGION1","SEppCO001",2039,2852.82951336579
"REGION1","SEppCO001",2040,2848.67846713171
"REGION1","SEppCO001",2041,2858.12022195736
"REGION1","SEppCO001",2042,2867.88270275875
"REGION1","SEppCO001",2043,2878.02057582497
"REGION1","SEppCO001",2044,2888.53642854149
"REGION1","SEppCO001",2045,2899.38072585711
"REGION1","SEppCO001",2046,2910.63703251941
"REGION1","SEppCO001",2047,2922.26021787868
"REGION1","SEppCO001",2048,2934.25016837141
"REGION1","SEppCO001",2049,2946.63296794365
"REGION1","SEppCO001",2050,2972.51180056579
"REGION1","SEppCO001",2051,3007.74648165091
"REGION1","SEppCO001",2052,3043.40032288857
"REGION1","SEppCO001",2053,3079.44712676922
"REGION1","SEppCO001",2054,3115.88689329288
"REGION1","SEppCO001",2055,3152.74581996907
"REGION1","SEppCO001",2056,3192.01685599699
"REGION1","SEppCO001",2057,3231.70705217743
"REGION1","SEppCO001",2058,3271.81640851042
"REGION1","SEppCO001",2059,3312.37112250547
"REGION1","SEppCO001",2060,3351.04539933
"REGION1","SEppBC002",2019,19.3574575591172
"REGION1","SEppBC002",2020,48.2011321383902
"REGION1","SEppBC002",2021,65.725644420189
"REGION1","SEppBC002",2022,83.2507540646166
"REGION1","SEppBC002",2023,100.793763209047
"REGION1","SEppBC002",2024,118.336857959609
"REGION1","SEppBC002",2025,118.336857959609
"REGION1","SEppBC002",2026,118.336857959609
"REGION1","SEppBC002",2027,118.336857959609
"REGION1","SEppBC002",2028,118.336857959609
"REGION1","SEppBC002",2029,118.336857959609
"REGION1","SEppBC002",2030,118.336857959609
"REGION1","SEppBC002",2031,118.336857959609
"REGION1","SEppBC002",2032,118.336857959609
"REGION1","SEppBC002",2033,118.336857959609
"REGION1","SEppBC002",2034,118.336857959609
"REGION1","SEppBC002",2035,118.336857959609
"REGION1","SEppBC002",2036,130.912105224312
"REGION1","SEppBC002",2037,165.341685224313
"REGION1","SEppBC002",2038,200.177685224312
"REGION1","SEppBC002",2039,238.970354530985
"REGION1","SEppBC002",2040,278.922512459881
"REGION1","SEppBC002",2041,304.999548052037
"REGION1","SEppBC002",2042,331.116996623725
"REGION1","SEppBC002",2043,357.275481968914
"REGION1","SEppBC002",2044,383.414225600449
"REGION1","SEppBC002",2045,409.614302488898
"REGION1","SEppBC002",2046,435.81694369749
"REGION1","SEppBC002",2047,462.040536626205
"REGION1","SEppBC002",2048,488.285200592757
"REGION1","SEppBC002",2049,514.552559988992
"REGION1","SEppBC002",2050,527.075498250996
"REGION1","SEppBC002",2051,530.203981305609
"REGION1","SEppBC002",2052,533.356545546322
"REGION1","SEppBC002",2053,536.531685899001
"REGION1","SEppBC002",2054,539.72940236365
"REGION1","SEppBC002",2055,542.951200014398
"REGION1","SEppBC002",2056,544.103147788905
"REGION1","SEppBC002",2057,545.279176749513
"REGION1","SEppBC002",2058,546.47928689622
"REGION1","SEppBC002",2059,547.704983303157
"REGION1","SEppBC002",2060,551.37087780855
"REGION1","SEBA00X00",2015,0
"REGION1","SEBA00X00",2016,0
"REGION1","SEBA00X00",2017,0
"REGION1","SEBA00X00",2018,0
"REGION1","SEBA00X00",2019,0
"REGION1","SEBA00X00",2020,0
"REGION1","SEBA00X00",2021,0
"REGION1","SEBA00X00",2022,0
"REGION1","SEBA00X00",2023,0
"REGION1","SEBA00X00",2024,0
"REGION1","SEBA00X00",2025,0
"REGION1","SEBA00X00",2026,0
"REGION1","SEBA00X00",2027,0
"REGION1","SEBA00X00",2028,0
"REGION1","SEBA00X00",2029,0
"REGION1","SEBA00X00",2030,0
"REGION1","SEBA00X00",2031,0
"REGION1","SEBA00X00",2032,0
"REGION1","SEBA00X00",2033,0
"REGION1","SEBA00X00",2034,0
"REGION1","SEBA00X00",2035,0
"REGION1","SEBA00X00",2036,0
"REGION1","SEBA00X00",2037,0
"REGION1","SEBA00X00",2038,0
"REGION1","SEBA00X00",2039,0
"REGION1","SEBA00X00",2040,0
"REGION1","SEBA00X00",2041,0
"REGION1","SEBA00X00",2042,0
"REGION1","SEBA00X00",2043,0
"REGION1","SEBA00X00",2044,0
"REGION1","SEBA00X00",2045,0
"REGION1","SEBA00X00",2046,0
"REGION1","SEBA00X00",2047,0
"REGION1","SEBA00X00",2048,0
"REGION1","SEBA00X00",2049,0
"REGION1","SEBA00X00",2050,0
"REGION1","SEBA00X00",2051,0
"REGION1","SEBA00X00",2052,0
"REGION1","SEBA00X00",2053,0
"REGION1","SEBA00X00",2054,0
"REGION1","SEBA00X00",2055,0
"REGION1","SEBA00X00",2056,0
"REGION1","SEBA00X00",2057,0
"REGION1","SEBA00X00",2058,0
"REGION1","SEBA00X00",2059,0
"REGION1","SEBA00X00",2060,0
"REGION1","SEBL00X00",2015,0
"REGION1","SEBL00X00",2016,0
"REGION1","SEBL00X00",2017,0
"REGION1","SEBL00X00",2018,0
"REGION1","SEBL00X00",2019,0
"REGION1","SEBL00X00",2020,0
"REGION1","SEBL00X00",2021,0
"REGION1","SEBL00X00",2022,0
"REGION1","SEBL00X00",2023,0
"REGION1","SEBL00X00",2024,0
"REGION1","SEBL00X00",2025,0
"REGION1","SEBL00X00",2026,0
"REGION1","SEBL00X00",2027,0
"REGION1","SEBL00X00",2028,0
"REGION1","SEBL00X00",2029,0
"REGION1","SEBL00X00",2030,0
"REGION1","SEBL00X00",2031,0
"REGION1","SEBL00X00",2032,0
"REGION1","SEBL00X00",2033,0
"REGION1","SEBL00X00",2034,0
"REGION1","SEBL00X00",2035,0
"REGION1","SEBL00X00",2036,0
"REGION1","SEBL00X00",2037,0
"REGION1","SEBL00X00",2038,0
"REGION1","SEBL00X00",2039,0
"REGION1","SEBL00X00",2040,0
"REGION1","SEBL00X00",2041,0
"REGION1","SEBL00X00",2042,0
"REGION1","SEBL00X00",2043,0
"REGION1","SEBL00X00",2044,0
"REGION1","SEBL00X00",2045,0
"REGION1","SEBL00X00",2046,0
"REGION1","SEBL00X00",2047,0
"REGION1","SEBL00X00",2048,0
"REGION1","SEBL00X00",2049,0
"REGION1","SEBL00X00",2050,0
"REGION1","SEBL00X00",2051,0
"REGION1","SEBL00X00",2052,0
"REGION1","SEBL00X00",2053,0
"REGION1","SEBL00X00",2054,0
"REGION1","SEBL00X00",2055,0
"REGION1","SEBL00X00",2056,0
"REGION1","SEBL00X00",2057,0
"REGION1","SEBL00X00",2058,0
"REGION1","SEBL00X00",2059,0
"REGION1","SEBL00X00",2060,0
